{
  "round": 3,
  "eval_loss": 0.273865211998398,
  "eval_metrics": {
    "ensemble_size": 4.0,
    "accuracy": 65.32663316582915,
    "loss": 0.27386521669128094,
    "num_clients": 3,
    "total_clients": 3,
    "authorized_clients": 3,
    "unauthorized_clients": 0,
    "avg_accuracy": 65.32489069802503
  },
  "num_clients": 3,
  "timestamp": "2025-05-01T04:58:22.359507+00:00"
}