{
  "round": 1,
  "eval_loss": 0.26999177150989895,
  "eval_metrics": {
    "ensemble_size": 4.0,
    "accuracy": 65.32663316582915,
    "loss": 0.2699917734310443,
    "num_clients": 3,
    "total_clients": 3,
    "authorized_clients": 3,
    "unauthorized_clients": 0,
    "avg_accuracy": 65.32489069802502
  },
  "num_clients": 3,
  "timestamp": "2025-05-01T04:58:15.370802+00:00"
}