{
  "round": 3,
  "eval_loss": 0.4538615643978119,
  "eval_metrics": {
    "ensemble_size": 4.0,
    "accuracy": 51.515151515151516,
    "loss": 0.4538615643978119,
    "num_clients": 2,
    "total_clients": 2,
    "authorized_clients": 2,
    "unauthorized_clients": 0,
    "avg_accuracy": 51.515151515151516
  },
  "num_clients": 2,
  "timestamp": "2025-05-07T14:31:11.890004+00:00"
}