{
  "ensemble_state": {
    "weights": [
      0.06214384391189839,
      0.2547928301270851,
      0.04415997360488969,
      0.14977605799813903,
      0.17004494712050608,
      0.2649996850994335,
      0.010024876302341014,
      0.04405778583570742
    ],
    "model_names": [
      "catboost",
      "knn",
      "lgbm",
      "lr",
      "meta_lr",
      "rf",
      "svc",
      "xgb"
    ],
    "model_state_dicts": [
      {
        "estimator": "gbm",
        "learning_rate": 0.10000000000000002,
        "input_dim": 31,
        "n_estimators": 10,
        "max_depth": 3,
        "output_dim": 1,
        "feature_importances": [
          0.03225806451612903,
          0.03225806451612903,
          0.03225806451612903,
          0.03225806451612903,
          0.03225806451612903,
          0.03225806451612903,
          0.03225806451612903,
          0.03225806451612903,
          0.03225806451612903,
          0.03225806451612903,
          0.03225806451612903,
          0.03225806451612903,
          0.03225806451612903,
          0.03225806451612903,
          0.03225806451612903,
          0.03225806451612903,
          0.03225806451612903,
          0.03225806451612903,
          0.03225806451612903,
          0.03225806451612903,
          0.03225806451612903,
          0.03225806451612903,
          0.03225806451612903,
          0.03225806451612903,
          0.03225806451612903,
          0.03225806451612903,
          0.03225806451612903,
          0.03225806451612903,
          0.03225806451612903,
          0.03225806451612903,
          0.03225806451612903
        ]
      },
      {
        "estimator": "lr",
        "intercept": [
          0.0
        ],
        "input_dim": 31,
        "coef": [
          [
            0.0,
            0.0,
            0.0,
            0.0,
            0.0,
            0.0,
            0.0,
            0.0,
            0.0,
            0.0,
            0.0,
            0.0,
            0.0,
            0.0,
            0.0,
            0.0,
            0.0,
            0.0,
            0.0,
            0.0,
            0.0,
            0.0,
            0.0,
            0.0,
            0.0,
            0.0,
            0.0,
            0.0,
            0.0,
            0.0,
            0.0
          ]
        ],
        "output_dim": 1
      },
      {
        "estimator": "gbm",
        "learning_rate": 0.1,
        "input_dim": 31,
        "n_estimators": 10,
        "max_depth": 3,
        "output_dim": 1,
        "feature_importances": [
          0.03225806451612903,
          0.03225806451612903,
          0.03225806451612903,
          0.03225806451612903,
          0.03225806451612903,
          0.03225806451612903,
          0.03225806451612903,
          0.03225806451612903,
          0.03225806451612903,
          0.03225806451612903,
          0.03225806451612903,
          0.03225806451612903,
          0.03225806451612903,
          0.03225806451612903,
          0.03225806451612903,
          0.03225806451612903,
          0.03225806451612903,
          0.03225806451612903,
          0.03225806451612903,
          0.03225806451612903,
          0.03225806451612903,
          0.03225806451612903,
          0.03225806451612903,
          0.03225806451612903,
          0.03225806451612903,
          0.03225806451612903,
          0.03225806451612903,
          0.03225806451612903,
          0.03225806451612903,
          0.03225806451612903,
          0.03225806451612903
        ]
      },
      {
        "estimator": "lr",
        "intercept": [
          -3.0
        ],
        "input_dim": 31,
        "coef": [
          [
            -0.0003074782702571135,
            0.009915321050375217,
            -0.0077120551065221685,
            -0.00649365682710928,
            0.008794380828898054,
            0.008800687836648507,
            0.0010918894657955362,
            0.00812537534432734,
            0.0015567637463633766,
            0.0062796485266858205,
            -0.0009417004748928631,
            -0.009892273096124117,
            -0.0005345605742004371,
            0.006893374703306398,
            -0.007213002378458047,
            0.007631607085487645,
            -0.007749359755292156,
            0.008289003181704937,
            -0.00949619427550783,
            -0.0010506807577950993,
            -0.007718900942161069,
            0.002018861492435648,
            -0.005817269558189233,
            -0.001473275667139529,
            0.003964586783158419,
            -0.007022843135399621,
            0.0025846618569803706,
            0.0034469614098503482,
            -0.0009496796139765434,
            -0.0070693133667732114,
            0.0015366589732687362
          ]
        ],
        "output_dim": 1
      },
      {
        "linear.weight": [
          [
            0.14285714924335483,
            0.14285714924335483,
            0.14285714924335483,
            0.14285714924335483,
            0.14285714924335483,
            0.14285714924335483,
            0.14285714924335483
          ]
        ],
        "linear.bias": [
          0.0
        ],
        "model_type": "pytorch"
      },
      {
        "estimator": "rf",
        "input_dim": 31,
        "n_estimators": 100,
        "output_dim": 1,
        "feature_importances": [
          0.03225806451612903,
          0.03225806451612903,
          0.03225806451612903,
          0.03225806451612903,
          0.03225806451612903,
          0.03225806451612903,
          0.03225806451612903,
          0.03225806451612903,
          0.03225806451612903,
          0.03225806451612903,
          0.03225806451612903,
          0.03225806451612903,
          0.03225806451612903,
          0.03225806451612903,
          0.03225806451612903,
          0.03225806451612903,
          0.03225806451612903,
          0.03225806451612903,
          0.03225806451612903,
          0.03225806451612903,
          0.03225806451612903,
          0.03225806451612903,
          0.03225806451612903,
          0.03225806451612903,
          0.03225806451612903,
          0.03225806451612903,
          0.03225806451612903,
          0.03225806451612903,
          0.03225806451612903,
          0.03225806451612903,
          0.03225806451612903
        ]
      },
      {
        "estimator": "svc",
        "intercept": [
          0.0
        ],
        "input_dim": 31,