{
  "round": 1,
  "eval_loss": 0.2713046967983246,
  "eval_metrics": {
    "ensemble_size": 4.0,
    "accuracy": 34.84848484848485,
    "loss": 0.27130470312002936,
    "num_clients": 1,
    "num_trusted_clients": 1,
    "total_clients": 1,
    "authorized_clients": 1,
    "unauthorized_clients": 0,
    "avg_accuracy": 34.84848484848485
  },
  "num_clients": 1,
  "timestamp": "2025-05-11T09:53:02.641958+00:00"
}