{
  "round": 2,
  "eval_loss": 0.26985567808151245,
  "eval_metrics": {
    "ensemble_size": 4.0,
    "accuracy": 34.84848484848485,
    "loss": 0.2698556785330628,
    "num_clients": 1,
    "num_trusted_clients": 1,
    "total_clients": 1,
    "authorized_clients": 1,
    "unauthorized_clients": 0,
    "avg_accuracy": 34.84848484848485
  },
  "num_clients": 1,
  "timestamp": "2025-05-11T09:53:03.006643+00:00"
}