{
  "ensemble_state": {
    "weights": [
      0.041429675537624305,
      0.03631218523613647,
      0.6429286787332322,
      0.2793294604930071
    ],
    "model_names": [
      "lr",
      "meta_lr",
      "rf",
      "svc"
    ],
    "model_state_dicts": [
      {
        "input_dim": 9,
        "output_dim": 1,
        "intercept": [
          0.010200000000000004
        ],
        "coef": [
          [
            0.1,
            0.2,
            0.1,
            0.30000000000000004,
            0.2,
            0.1,
            0.4,
            0.1,
            0.30000000000000004
          ]
        ],
        "estimator": "lr"
      },
      {
        "input_dim": 3,
        "output_dim": 1,
        "intercept": [
          -0.8200000000000001
        ],
        "coef": [
          [
            0.33000000000000007,
            0.33000000000000007,
            0.34
          ]
        ],
        "estimator": "meta_lr"
      },
      {
        "n_estimators": 100,
        "input_dim": 9,
        "output_dim": 1,
        "feature_importances": [
          0.12,
          0.05,
          0.14999999999999997,
          0.1,
          0.2,
          0.18,
          0.1,
          0.05,
          0.05
        ],
        "estimator": "rf"
      },
      {
        "input_dim": 9,
        "dual_coef": [
          [
            0.43210000000000004,
            -0.43210000000000004
          ]
        ],
        "output_dim": 1,
        "intercept": [
          0.5
        ],
        "support_vectors": [
          [
            1.1,
            2.2,
            3.3,
            4.4,
            5.5,
            6.6,
            7.7,
            8.8,
            9.900000000000002
          ],
          [
            9.900000000000002,
            8.8,
            7.7,
            6.6,
            5.5,
            4.4,
            3.3,
            2.2,
            1.1
          ]
        ],
        "estimator": "svc"
      }
    ]
  },
  "info": {
    "round": 3,
    "timestamp": "2025-05-07T14:31:07.048746+00:00",
    "version": "1.0.3",
    "is_ensemble": true,
    "num_models": 4,
    "model_names": [
      "lr",
      "meta_lr",
      "rf",
      "svc"
    ]
  }
}