{
  "round": 2,
  "eval_loss": 0.41633613407611847,
  "eval_metrics": {
    "ensemble_size": 4.0,
    "accuracy": 58.333333333333336,
    "loss": 0.41633613949472253,
    "num_clients": 2,
    "total_clients": 2,
    "authorized_clients": 2,
    "unauthorized_clients": 0,
    "avg_accuracy": 58.333333333333336
  },
  "num_clients": 2,
  "timestamp": "2025-05-07T14:59:00.839719+00:00"
}