{
  "round": 2,
  "eval_loss": 0.4200524836778641,
  "eval_metrics": {
    "ensemble_size": 4.0,
    "accuracy": 54.54545454545455,
    "loss": 0.4200524814201124,
    "num_clients": 2,
    "total_clients": 2,
    "authorized_clients": 2,
    "unauthorized_clients": 0,
    "avg_accuracy": 54.54545454545455
  },
  "num_clients": 2,
  "timestamp": "2025-05-08T15:00:11.358390+00:00"
}