{
  "round": 1,
  "eval_loss": 0.47099660336971283,
  "eval_metrics": {
    "ensemble_size": 4.0,
    "accuracy": 53.78787878787879,
    "loss": 0.47099659569335706,
    "num_clients": 2,
    "total_clients": 2,
    "authorized_clients": 2,
    "unauthorized_clients": 0,
    "avg_accuracy": 53.78787878787879
  },
  "num_clients": 2,
  "timestamp": "2025-05-04T15:14:36.348746+00:00"
}