{
  "ensemble_state": {
    "weights": [
      0.11588435802881503,
      0.010199927473009815,
      0.041050430768876024,
      0.03996890844824339,
      0.5874013124980576,
      0.041204123511226376,
      0.14988908762351305,
      0.014401851648258813
    ],
    "model_names": [
      "catboost",
      "knn",
      "lgbm",
      "lr",
      "meta_lr",
      "rf",
      "svc",
      "xgb"
    ],
    "model_state_dicts": [
      {
        "estimator": "gbm",
        "n_estimators": 10,
        "learning_rate": 0.1,
        "max_depth": 3,
        "feature_importances": [
          0.012987012987012988,
          0.012987012987012988,
          0.012987012987012988,
          0.012987012987012988,
          0.012987012987012988,
          0.012987012987012988,
          0.012987012987012988,
          0.012987012987012988,
          0.012987012987012988,
          0.012987012987012988,
          0.012987012987012988,
          0.012987012987012988,
          0.012987012987012988,
          0.012987012987012988,
          0.012987012987012988,
          0.012987012987012988,
          0.012987012987012988,
          0.012987012987012988,
          0.012987012987012988,
          0.012987012987012988,
          0.012987012987012988,
          0.012987012987012988,
          0.012987012987012988,
          0.012987012987012988,
          0.012987012987012988,
          0.012987012987012988,
          0.012987012987012988,
          0.012987012987012988,
          0.012987012987012988,
          0.012987012987012988,
          0.012987012987012988,
          0.012987012987012988,
          0.012987012987012988,
          0.012987012987012988,
          0.012987012987012988,
          0.012987012987012988,
          0.012987012987012988,
          0.012987012987012988,
          0.012987012987012988,
          0.012987012987012988,
          0.012987012987012988,
          0.012987012987012988,
          0.012987012987012988,
          0.012987012987012988,
          0.012987012987012988,
          0.012987012987012988,
          0.012987012987012988,
          0.012987012987012988,
          0.012987012987012988,
          0.012987012987012988,
          0.012987012987012988,
          0.012987012987012988,
          0.012987012987012988,
          0.012987012987012988,
          0.012987012987012988,
          0.012987012987012988,
          0.012987012987012988,
          0.012987012987012988,
          0.012987012987012988,
          0.012987012987012988,
          0.012987012987012988,
          0.012987012987012988,
          0.012987012987012988,
          0.012987012987012988,
          0.012987012987012988,
          0.012987012987012988,
          0.012987012987012988,
          0.012987012987012988,
          0.012987012987012988,
          0.012987012987012988,
          0.012987012987012988,
          0.012987012987012988,
          0.012987012987012988,
          0.012987012987012988,
          0.012987012987012988,
          0.012987012987012988,
          0.012987012987012988
        ],
        "input_dim": 77,
        "output_dim": 1
      },
      {
        "estimator": "lr",
        "coef": [
          [
            0.0,
            0.0,
            0.0,
            0.0,
            0.0,
            0.0,
            0.0,
            0.0,
            0.0,
            0.0,
            0.0,
            0.0,
            0.0,
            0.0,
            0.0,
            0.0,
            0.0,
            0.0,
            0.0,
            0.0,
            0.0,
            0.0,
            0.0,
            0.0,
            0.0,
            0.0,
            0.0,
            0.0,
            0.0,
            0.0,
            0.0,
            0.0,
            0.0,
            0.0,
            0.0,
            0.0,
            0.0,
            0.0,
            0.0,
            0.0,
            0.0,
            0.0,
            0.0,
            0.0,
            0.0,
            0.0,
            0.0,
            0.0,
            0.0,
            0.0,
            0.0,
            0.0,
            0.0,
            0.0,
            0.0,
            0.0,
            0.0,
            0.0,
            0.0,
            0.0,
            0.0,
            0.0,
            0.0,
            0.0,
            0.0,
            0.0,
            0.0,
            0.0,
            0.0,
            0.0,
            0.0,
            0.0,
            0.0,
            0.0,
            0.0,
            0.0,
            0.0
          ]
        ],
        "intercept": [
          0.0
        ],
        "input_dim": 77,
        "output_dim": 1
      },
      {
        "estimator": "gbm",
        "n_estimators": 100,
        "learning_rate": 0.05,
        "max_depth": 8,
        "feature_importances": [
          0.012987012987012988,
          0.012987012987012988,
          0.012987012987012988,
          0.012987012987012988,
          0.012987012987012988,
          0.012987012987012988,
          0.012987012987012988,
          0.012987012987012988,
          0.012987012987012988,
          0.012987012987012988,
          0.012987012987012988,
          0.012987012987012988,
          0.012987012987012988,
          0.012987012987012988,
          0.012987012987012988,
          0.012987012987012988,
          0.012987012987012988,
          0.012987012987012988,
          0.012987012987012988,
          0.012987012987012988,
          0.012987012987012988,
          0.012987012987012988,
          0.012987012987012988,
          0.012987012987012988,
          0.012987012987012988,
          0.012987012987012988,
          0.012987012987012988,
          0.012987012987012988,
          0.012987012987012988,
          0.012987012987012988,
          0.012987012987012988,
          0.012987012987012988,
          0.012987012987012988,
          0.012987012987012988,
          0.012987012987012988,
          0.012987012987012988,
          0.012987012987012988,
          0.012987012987012988,
          0.012987012987012988,
          0.012987012987012988,
          0.012987012987012988,
          0.012987012987012988,
          0.012987012987012988,
          0.012987012987012988,
          0.012987012987012988,
          0.012987012987012988,
          0.012987012987012988,
          0.012987012987012988,
          0.012987012987012988,
          0.012987012987012988,
          0.012987012987012988,
          0.012987012987012988,
          0.012987012987012988,
          0.012987012987012988,
          0.012987012987012988,
          0.012987012987012988,
          0.012987012987012988,
          0.012987012987012988,
          0.012987012987012988,
          0.012987012987012988,
          0.012987012987012988,
          0.012987012987012988,
          0.012987012987012988,
          0.012987012987012988,
          0.012987012987012988,
          0.012987012987012988,
          0.012987012987012988,
          0.012987012987012988,
          0.012987012987012988,
          0.012987012987012988,
          0.012987012987012988,
          0.012987012987012988,
          0.012987012987012988,
          0.012987012987012988,
          0.012987012987012988,
          0.012987012987012988,
          0.012987012987012988
        ],
        "input_dim": 77,
        "output_dim": 1
      },
      {
        "estimator": "lr",