{
  "round": 1,
  "eval_loss": 0.008054505102336407,
  "eval_metrics": {
    "ensemble_size": 8.0,
    "accuracy": 99.97,
    "loss": 0.008054505202174187,
    "num_clients": 1,
    "total_clients": 1,
    "authorized_clients": 1,
    "unauthorized_clients": 0,
    "avg_accuracy": 99.97
  },
  "num_clients": 1,
  "timestamp": "2025-05-12T14:24:12.622689+00:00"
}