{
  "round": 3,
  "eval_loss": 0.13398168981075287,
  "eval_metrics": {
    "ensemble_size": 8.0,
    "accuracy": 99.94,
    "loss": 0.1339816903591156,
    "num_clients": 1,
    "total_clients": 1,
    "authorized_clients": 1,
    "unauthorized_clients": 0,
    "avg_accuracy": 99.94
  },
  "num_clients": 1,
  "timestamp": "2025-05-12T14:26:42.909922+00:00"
}