{
  "round": 1,
  "eval_loss": 21.926563262939453,
  "eval_metrics": {
    "ensemble_size": 4.0,
    "accuracy": 10.0,
    "loss": 21.926562309265137,
    "num_clients": 1,
    "total_clients": 1,
    "authorized_clients": 1,
    "unauthorized_clients": 0,
    "avg_accuracy": 10.0
  },
  "num_clients": 1,
  "timestamp": "2025-04-24T15:31:53.345118+00:00"
}