{
  "round": 2,
  "eval_loss": 0.4429530054330826,
  "eval_metrics": {
    "ensemble_size": 4.0,
    "accuracy": 56.81818181818182,
    "loss": 0.4429530036268812,
    "num_clients": 2,
    "total_clients": 2,
    "authorized_clients": 2,
    "unauthorized_clients": 0,
    "avg_accuracy": 56.81818181818182
  },
  "num_clients": 2,
  "timestamp": "2025-05-04T13:48:37.839956+00:00"
}