{
  "round": 1,
  "eval_loss": 0.45163407921791077,
  "eval_metrics": {
    "ensemble_size": 4.0,
    "accuracy": 55.303030303030305,
    "loss": 0.4516340805725618,
    "num_clients": 2,
    "total_clients": 2,
    "authorized_clients": 2,
    "unauthorized_clients": 0,
    "avg_accuracy": 55.303030303030305
  },
  "num_clients": 2,
  "timestamp": "2025-05-04T13:48:30.414328+00:00"
}