{
  "round": 2,
  "eval_loss": 7.006214459737142,
  "eval_metrics": {
    "ensemble_size": 4.0,
    "accuracy": 23.33333333333333,
    "loss": 7.0062144200007115,
    "num_clients": 3,
    "total_clients": 3,
    "authorized_clients": 3,
    "unauthorized_clients": 0,
    "avg_accuracy": 23.333333333333332
  },
  "num_clients": 3,
  "timestamp": "2025-04-27T06:21:04.801466+00:00"
}