{
  "round": 1,
  "eval_loss": 0.21832190454006195,
  "eval_metrics": {
    "ensemble_size": 5.0,
    "accuracy": 65.15151515151516,
    "loss": 0.2183219065155947,
    "num_clients": 2,
    "total_clients": 2,
    "authorized_clients": 2,
    "unauthorized_clients": 0,
    "avg_accuracy": 65.15151515151516
  },
  "num_clients": 2,
  "timestamp": "2025-05-04T11:08:07.416961+00:00"
}