{
  "round": 2,
  "eval_loss": 0.14188242703676224,
  "eval_metrics": {
    "ensemble_size": 5.0,
    "accuracy": 78.78787878787878,
    "loss": 0.14188242534344847,
    "num_clients": 2,
    "total_clients": 2,
    "authorized_clients": 2,
    "unauthorized_clients": 0,
    "avg_accuracy": 78.78787878787878
  },
  "num_clients": 2,
  "timestamp": "2025-05-04T11:08:40.456659+00:00"
}