{
  "round": 3,
  "eval_loss": 0.11492731422185898,
  "eval_metrics": {
    "ensemble_size": 5.0,
    "accuracy": 88.63636363636363,
    "loss": 0.11492731241565762,
    "num_clients": 2,
    "total_clients": 2,
    "authorized_clients": 2,
    "unauthorized_clients": 0,
    "avg_accuracy": 88.63636363636363
  },
  "num_clients": 2,
  "timestamp": "2025-05-04T11:09:07.697730+00:00"
}