{
  "round": 3,
  "eval_loss": 0.4205258637666702,
  "eval_metrics": {
    "ensemble_size": 4.0,
    "accuracy": 56.06060606060606,
    "loss": 0.4205258583480661,
    "num_clients": 2,
    "total_clients": 2,
    "authorized_clients": 2,
    "unauthorized_clients": 0,
    "avg_accuracy": 56.06060606060606
  },
  "num_clients": 2,
  "timestamp": "2025-05-04T10:52:24.250928+00:00"
}