{
  "round": 2,
  "eval_loss": 0.021993644535541534,
  "eval_metrics": {
    "ensemble_size": 8.0,
    "accuracy": 99.765,
    "loss": 0.021993644755333663,
    "num_clients": 2,
    "total_clients": 2,
    "authorized_clients": 2,
    "unauthorized_clients": 0,
    "avg_accuracy": 99.765
  },
  "num_clients": 2,
  "timestamp": "2025-05-13T17:39:03.602584+00:00"
}