{
  "round": 3,
  "eval_loss": 0.06974471267312765,
  "eval_metrics": {
    "ensemble_size": 8.0,
    "accuracy": 99.785,
    "loss": 0.06974471385926008,
    "num_clients": 2,
    "total_clients": 2,
    "authorized_clients": 2,
    "unauthorized_clients": 0,
    "avg_accuracy": 99.785
  },
  "num_clients": 2,
  "timestamp": "2025-05-13T17:40:08.512764+00:00"
}