{
  "round": 3,
  "eval_loss": 0.21418288350105286,
  "eval_metrics": {
    "ensemble_size": 6.0,
    "accuracy": 65.15151515151516,
    "loss": 0.21418288259795218,
    "num_clients": 1,
    "num_trusted_clients": 1,
    "total_clients": 1,
    "authorized_clients": 1,
    "unauthorized_clients": 0,
    "avg_accuracy": 65.15151515151516
  },
  "num_clients": 1,
  "timestamp": "2025-05-11T09:52:48.550458+00:00"
}