{
  "round": 2,
  "eval_loss": 0.26710568368434906,
  "eval_metrics": {
    "ensemble_size": 4.0,
    "accuracy": 65.15151515151516,
    "loss": 0.2671056778829855,
    "num_clients": 2,
    "total_clients": 2,
    "authorized_clients": 2,
    "unauthorized_clients": 0,
    "avg_accuracy": 65.15151515151516
  },
  "num_clients": 2,
  "timestamp": "2025-05-03T16:11:25.949747+00:00"
}