{
  "round": 3,
  "eval_loss": 0.25687970221042633,
  "eval_metrics": {
    "ensemble_size": 4.0,
    "accuracy": 67.42424242424244,
    "loss": 0.2568797071386749,
    "num_clients": 2,
    "total_clients": 2,
    "authorized_clients": 2,
    "unauthorized_clients": 0,
    "avg_accuracy": 67.42424242424244
  },
  "num_clients": 2,
  "timestamp": "2025-05-03T16:11:30.326477+00:00"
}