{
  "round": 2,
  "eval_loss": 0.036027681082487106,
  "eval_metrics": {
    "ensemble_size": 8.0,
    "accuracy": 99.97,
    "loss": 0.03602768227458,
    "num_clients": 1,
    "total_clients": 1,
    "authorized_clients": 1,
    "unauthorized_clients": 0,
    "avg_accuracy": 99.97
  },
  "num_clients": 1,
  "timestamp": "2025-05-12T13:32:09.998059+00:00"
}