{
  "round": 1,
  "eval_loss": 8.387845516204834,
  "eval_metrics": {
    "ensemble_size": 4.0,
    "accuracy": 26.666666666666664,
    "loss": 8.387845436731974,
    "num_clients": 3,
    "total_clients": 3,
    "authorized_clients": 3,
    "unauthorized_clients": 0,
    "avg_accuracy": 26.666666666666668
  },
  "num_clients": 3,
  "timestamp": "2025-04-27T06:18:55.707446+00:00"
}