{
  "round": 3,
  "eval_loss": 0.4896920621395111,
  "eval_metrics": {
    "ensemble_size": 4.0,
    "accuracy": 48.484848484848484,
    "loss": 0.4896920704931924,
    "num_clients": 2,
    "total_clients": 2,
    "authorized_clients": 2,
    "unauthorized_clients": 0,
    "avg_accuracy": 48.484848484848484
  },
  "num_clients": 2,
  "timestamp": "2025-05-03T16:50:52.133251+00:00"
}