{
  "round": 2,
  "eval_loss": 0.44756487011909485,
  "eval_metrics": {
    "ensemble_size": 4.0,
    "accuracy": 54.54545454545455,
    "loss": 0.44756486560359143,
    "num_clients": 2,
    "total_clients": 2,
    "authorized_clients": 2,
    "unauthorized_clients": 0,
    "avg_accuracy": 54.54545454545455
  },
  "num_clients": 2,
  "timestamp": "2025-05-03T16:50:47.741209+00:00"
}