{
  "round": 1,
  "eval_loss": 0.026917682960629463,
  "eval_metrics": {
    "ensemble_size": 8.0,
    "accuracy": 99.97,
    "loss": 0.026917683690786363,
    "num_clients": 1,
    "total_clients": 1,
    "authorized_clients": 1,
    "unauthorized_clients": 0,
    "avg_accuracy": 99.97
  },
  "num_clients": 1,
  "timestamp": "2025-05-12T13:13:11.465008+00:00"
}