{
  "round": 2,
  "eval_loss": 0.2588309794664383,
  "eval_metrics": {
    "ensemble_size": 4.0,
    "accuracy": 66.66666666666667,
    "loss": 0.25883098281426076,
    "num_clients": 2,
    "total_clients": 2,
    "authorized_clients": 2,
    "unauthorized_clients": 0,
    "avg_accuracy": 66.66666666666667
  },
  "num_clients": 2,
  "timestamp": "2025-05-01T15:24:15.962193+00:00"
}