{
  "round": 2,
  "eval_loss": 0.0247965008020401,
  "eval_metrics": {
    "ensemble_size": 8.0,
    "accuracy": 99.94,
    "loss": 0.024796501156687738,
    "num_clients": 1,
    "total_clients": 1,
    "authorized_clients": 1,
    "unauthorized_clients": 0,
    "avg_accuracy": 99.94
  },
  "num_clients": 1,
  "timestamp": "2025-05-12T13:23:56.556459+00:00"
}