{
  "round": 1,
  "eval_loss": 9.881439526875813,
  "eval_metrics": {
    "ensemble_size": 4.0,
    "accuracy": 26.666666666666664,
    "loss": 9.881439407666523,
    "num_clients": 3,
    "total_clients": 3,
    "authorized_clients": 3,
    "unauthorized_clients": 0,
    "avg_accuracy": 26.666666666666668
  },
  "num_clients": 3,
  "timestamp": "2025-04-27T05:34:19.237513+00:00"
}