{
  "round": 3,
  "eval_loss": 9.881890296936035,
  "eval_metrics": {
    "ensemble_size": 4.0,
    "accuracy": 26.666666666666664,
    "loss": 9.881890018781025,
    "num_clients": 3,
    "total_clients": 3,
    "authorized_clients": 3,
    "unauthorized_clients": 0,
    "avg_accuracy": 26.666666666666668
  },
  "num_clients": 3,
  "timestamp": "2025-04-27T05:34:23.684538+00:00"
}