{
  "round": 1,
  "eval_loss": 0.4460446834564209,
  "eval_metrics": {
    "ensemble_size": 4.0,
    "accuracy": 56.81818181818182,
    "loss": 0.44604467081301136,
    "num_clients": 2,
    "total_clients": 2,
    "authorized_clients": 2,
    "unauthorized_clients": 0,
    "avg_accuracy": 56.81818181818182
  },
  "num_clients": 2,
  "timestamp": "2025-05-07T15:42:37.014163+00:00"
}