{
  "round": 2,
  "eval_loss": 0.19944899967267887,
  "eval_metrics": {
    "ensemble_size": 4.0,
    "accuracy": 69.34673366834171,
    "loss": 0.19944900629957718,
    "num_clients": 3,
    "total_clients": 3,
    "authorized_clients": 3,
    "unauthorized_clients": 0,
    "avg_accuracy": 69.34268053671039
  },
  "num_clients": 3,
  "timestamp": "2025-04-27T10:12:26.898852+00:00"
}