{
  "round": 3,
  "eval_loss": 0.20395384796300725,
  "eval_metrics": {
    "ensemble_size": 4.0,
    "accuracy": 69.34673366834171,
    "loss": 0.20395385011581318,
    "num_clients": 3,
    "total_clients": 3,
    "authorized_clients": 3,
    "unauthorized_clients": 0,
    "avg_accuracy": 69.34268053671039
  },
  "num_clients": 3,
  "timestamp": "2025-04-27T10:12:30.815374+00:00"
}