{
  "round": 1,
  "eval_loss": 0.19424625909208654,
  "eval_metrics": {
    "ensemble_size": 4.0,
    "accuracy": 70.85427135678393,
    "loss": 0.19424625529191603,
    "num_clients": 3,
    "total_clients": 3,
    "authorized_clients": 3,
    "unauthorized_clients": 0,
    "avg_accuracy": 70.85029398462235
  },
  "num_clients": 3,
  "timestamp": "2025-04-27T10:12:21.821144+00:00"
}