{
  "round": 2,
  "eval_loss": 0.4482633024454117,
  "eval_metrics": {
    "ensemble_size": 4.0,
    "accuracy": 56.06060606060606,
    "loss": 0.44826330921866675,
    "num_clients": 2,
    "total_clients": 2,
    "authorized_clients": 2,
    "unauthorized_clients": 0,
    "avg_accuracy": 56.06060606060606
  },
  "num_clients": 2,
  "timestamp": "2025-05-07T15:18:13.641624+00:00"
}