{
  "round": 3,
  "eval_loss": 0.46295157074928284,
  "eval_metrics": {
    "ensemble_size": 4.0,
    "accuracy": 53.78787878787879,
    "loss": 0.46295156533067877,
    "num_clients": 2,
    "total_clients": 2,
    "authorized_clients": 2,
    "unauthorized_clients": 0,
    "avg_accuracy": 53.78787878787879
  },
  "num_clients": 2,
  "timestamp": "2025-05-04T08:06:01.063497+00:00"
}