{
  "round": 1,
  "eval_loss": 0.46342338621616364,
  "eval_metrics": {
    "ensemble_size": 4.0,
    "accuracy": 55.303030303030305,
    "loss": 0.46342338757081464,
    "num_clients": 2,
    "total_clients": 2,
    "authorized_clients": 2,
    "unauthorized_clients": 0,
    "avg_accuracy": 55.303030303030305
  },
  "num_clients": 2,
  "timestamp": "2025-05-04T08:05:45.635089+00:00"
}