{
  "round": 1,
  "eval_loss": 0.44153641164302826,
  "eval_metrics": {
    "ensemble_size": 4.0,
    "accuracy": 57.57575757575758,
    "loss": 0.4415364148038806,
    "num_clients": 2,
    "total_clients": 2,
    "authorized_clients": 2,
    "unauthorized_clients": 0,
    "avg_accuracy": 57.57575757575758
  },
  "num_clients": 2,
  "timestamp": "2025-05-07T14:50:02.193501+00:00"
}