{
  "round": 2,
  "eval_loss": 0.008465370396152139,
  "eval_metrics": {
    "ensemble_size": 8.0,
    "accuracy": 99.6,
    "loss": 0.008465370376233478,
    "num_clients": 2,
    "total_clients": 2,
    "authorized_clients": 2,
    "unauthorized_clients": 0,
    "avg_accuracy": 99.6
  },
  "num_clients": 2,
  "timestamp": "2025-05-14T04:15:58.867341+00:00"
}