{
  "round": 1,
  "eval_loss": 0.025729142129421234,
  "eval_metrics": {
    "ensemble_size": 8.0,
    "accuracy": 99.46,
    "loss": 0.025729141330718994,
    "num_clients": 1,
    "total_clients": 1,
    "authorized_clients": 1,
    "unauthorized_clients": 0,
    "avg_accuracy": 99.46
  },
  "num_clients": 1,
  "timestamp": "2025-05-12T12:44:20.022047+00:00"
}