{
  "round": 1,
  "eval_loss": 3.8193953037261963,
  "eval_metrics": {
    "ensemble_size": 4.0,
    "accuracy": 20.0,
    "loss": 3.8193952441215515,
    "num_clients": 1,
    "total_clients": 1,
    "authorized_clients": 1,
    "unauthorized_clients": 0,
    "avg_accuracy": 20.0
  },
  "num_clients": 1,
  "timestamp": "2025-04-23T15:45:07.451968+00:00"
}