{
  "ensemble_state": {
    "weights": [
      0.1593065583110824,
      0.13870765434038043,
      0.17520827472241435,
      0.1807646499541909,
      0.10197167615780202,
      0.0252371043683408,
      0.090813309635513,
      0.12799077251027616
    ],
    "model_names": [
      "catboost",
      "knn",
      "lgbm",
      "lr",
      "meta_lr",
      "rf",
      "svc",
      "xgb"
    ],
    "model_state_dicts": [
      {
        "max_depth": 3,
        "input_dim": 31,
        "n_estimators": 10,
        "estimator": "gbm",
        "output_dim": 1,
        "learning_rate": 0.1,
        "feature_importances": [
          0.03225806451612903,
          0.03225806451612903,
          0.03225806451612903,
          0.03225806451612903,
          0.03225806451612903,
          0.03225806451612903,
          0.03225806451612903,
          0.03225806451612903,
          0.03225806451612903,
          0.03225806451612903,
          0.03225806451612903,
          0.03225806451612903,
          0.03225806451612903,
          0.03225806451612903,
          0.03225806451612903,
          0.03225806451612903,
          0.03225806451612903,
          0.03225806451612903,
          0.03225806451612903,
          0.03225806451612903,
          0.03225806451612903,
          0.03225806451612903,
          0.03225806451612903,
          0.03225806451612903,
          0.03225806451612903,
          0.03225806451612903,
          0.03225806451612903,
          0.03225806451612903,
          0.03225806451612903,
          0.03225806451612903,
          0.03225806451612903
        ]
      },
      {
        "input_dim": 31,
        "output_dim": 1,
        "coef": [
          [
            0.0,
            0.0,
            0.0,
            0.0,
            0.0,
            0.0,
            0.0,
            0.0,
            0.0,
            0.0,
            0.0,
            0.0,
            0.0,
            0.0,
            0.0,
            0.0,
            0.0,
            0.0,
            0.0,
            0.0,
            0.0,
            0.0,
            0.0,
            0.0,
            0.0,
            0.0,
            0.0,
            0.0,
            0.0,
            0.0,
            0.0
          ]
        ],
        "estimator": "lr",
        "intercept": [
          0.0
        ]
      },
      {
        "max_depth": 3,
        "input_dim": 31,
        "n_estimators": 10,
        "estimator": "gbm",
        "output_dim": 1,
        "learning_rate": 0.1,
        "feature_importances": [
          0.03225806451612903,
          0.03225806451612903,
          0.03225806451612903,
          0.03225806451612903,
          0.03225806451612903,
          0.03225806451612903,
          0.03225806451612903,
          0.03225806451612903,
          0.03225806451612903,
          0.03225806451612903,
          0.03225806451612903,
          0.03225806451612903,
          0.03225806451612903,
          0.03225806451612903,
          0.03225806451612903,
          0.03225806451612903,
          0.03225806451612903,
          0.03225806451612903,
          0.03225806451612903,
          0.03225806451612903,
          0.03225806451612903,
          0.03225806451612903,
          0.03225806451612903,
          0.03225806451612903,
          0.03225806451612903,
          0.03225806451612903,
          0.03225806451612903,
          0.03225806451612903,
          0.03225806451612903,
          0.03225806451612903,
          0.03225806451612903
        ]
      },
      {
        "input_dim": 31,
        "output_dim": 1,
        "coef": [
          [
            0.00594620944725966,
            -0.005792420855083598,
            0.009579911084942291,
            -0.006340575962666042,
            -0.007707039013308112,
            -0.0025179898654430844,
            -0.0023424910912383766,
            -0.009360176616495533,
            0.006301652935771765,
            -0.0018443858169596879,
            -0.0059804526259725705,
            0.004070009063949413,
            -0.0037212891754621327,
            -0.009991426667979524,
            0.0025931720558669616,
            0.0030793887449854142,
            -0.009865235738439386,
            -0.0026101224546014757,
            -0.006707671464208725,
            -0.009996708856158798,
            -0.006127802148497701,
            0.006748241564281625,
            -0.0013195492824604749,
            -0.005365968622100519,
            0.006855432958869203,
            0.008589758669378108,
            -0.006983435134378376,
            -0.0018875033244247427,
            0.006266383997716346,
            0.005552808102548679,
            -0.0014276429377642046
          ]
        ],
        "estimator": "lr",
        "intercept": [
          -3.0
        ]
      },
      {
        "linear.weight": [
          [
            0.1428571492433548,
            0.1428571492433548,
            0.1428571492433548,
            0.1428571492433548,
            0.1428571492433548,
            0.1428571492433548,
            0.1428571492433548
          ]
        ],
        "linear.bias": [
          0.0
        ],
        "model_type": "pytorch"
      },
      {
        "input_dim": 31,
        "output_dim": 1,
        "n_estimators": 100,
        "estimator": "rf",
        "feature_importances": [
          0.03225806451612903,
          0.03225806451612903,
          0.03225806451612903,
          0.03225806451612903,
          0.03225806451612903,
          0.03225806451612903,
          0.03225806451612903,
          0.03225806451612903,
          0.03225806451612903,
          0.03225806451612903,
          0.03225806451612903,
          0.03225806451612903,
          0.03225806451612903,
          0.03225806451612903,
          0.03225806451612903,
          0.03225806451612903,
          0.03225806451612903,
          0.03225806451612903,
          0.03225806451612903,
          0.03225806451612903,
          0.03225806451612903,
          0.03225806451612903,
          0.03225806451612903,
          0.03225806451612903,
          0.03225806451612903,
          0.03225806451612903,
          0.03225806451612903,
          0.03225806451612903,
          0.03225806451612903,
          0.03225806451612903,
          0.03225806451612903
        ]
      },
      {
        "input_dim": 31,
        "dual_coef": [
          [
            0.010000000000000002,
            -0.010000000000000002
          ]
        ],
        "estimator": "svc",
        "output_dim": 1,