{
  "ensemble_state": {
    "weights": [
      0.15843313258130032,
      0.22223192731820718,
      0.04954947391534501,
      0.13259176956005364,
      0.13678675920099592,
      0.059525814899989656,
      0.1782734309937296,
      0.06260769153037862
    ],
    "model_names": [
      "catboost",
      "knn",
      "lgbm",
      "lr",
      "meta_lr",
      "rf",
      "svc",
      "xgb"
    ],
    "model_state_dicts": [
      {
        "max_depth": 3,
        "input_dim": 31,
        "n_estimators": 10,
        "estimator": "gbm",
        "output_dim": 1,
        "learning_rate": 0.1,
        "feature_importances": [
          0.03225806451612903,
          0.03225806451612903,
          0.03225806451612903,
          0.03225806451612903,
          0.03225806451612903,
          0.03225806451612903,
          0.03225806451612903,
          0.03225806451612903,
          0.03225806451612903,
          0.03225806451612903,
          0.03225806451612903,
          0.03225806451612903,
          0.03225806451612903,
          0.03225806451612903,
          0.03225806451612903,
          0.03225806451612903,
          0.03225806451612903,
          0.03225806451612903,
          0.03225806451612903,
          0.03225806451612903,
          0.03225806451612903,
          0.03225806451612903,
          0.03225806451612903,
          0.03225806451612903,
          0.03225806451612903,
          0.03225806451612903,
          0.03225806451612903,
          0.03225806451612903,
          0.03225806451612903,
          0.03225806451612903,
          0.03225806451612903
        ]
      },
      {
        "input_dim": 31,
        "output_dim": 1,
        "coef": [
          [
            0.0,
            0.0,
            0.0,
            0.0,
            0.0,
            0.0,
            0.0,
            0.0,
            0.0,
            0.0,
            0.0,
            0.0,
            0.0,
            0.0,
            0.0,
            0.0,
            0.0,
            0.0,
            0.0,
            0.0,
            0.0,
            0.0,
            0.0,
            0.0,
            0.0,
            0.0,
            0.0,
            0.0,
            0.0,
            0.0,
            0.0
          ]
        ],
        "estimator": "lr",
        "intercept": [
          0.0
        ]
      },
      {
        "max_depth": 3,
        "input_dim": 31,
        "n_estimators": 10,
        "estimator": "gbm",
        "output_dim": 1,
        "learning_rate": 0.1,
        "feature_importances": [
          0.03225806451612903,
          0.03225806451612903,
          0.03225806451612903,
          0.03225806451612903,
          0.03225806451612903,
          0.03225806451612903,
          0.03225806451612903,
          0.03225806451612903,
          0.03225806451612903,
          0.03225806451612903,
          0.03225806451612903,
          0.03225806451612903,
          0.03225806451612903,
          0.03225806451612903,
          0.03225806451612903,
          0.03225806451612903,
          0.03225806451612903,
          0.03225806451612903,
          0.03225806451612903,
          0.03225806451612903,
          0.03225806451612903,
          0.03225806451612903,
          0.03225806451612903,
          0.03225806451612903,
          0.03225806451612903,
          0.03225806451612903,
          0.03225806451612903,
          0.03225806451612903,
          0.03225806451612903,
          0.03225806451612903,
          0.03225806451612903
        ]
      },
      {
        "input_dim": 31,
        "output_dim": 1,
        "coef": [
          [
            0.00594620944725966,
            -0.005792420855083599,
            0.009579911084942293,
            -0.006340575962666042,
            -0.007707039013308112,
            -0.0025179898654430844,
            -0.0023424910912383766,
            -0.009360176616495533,
            0.006301652935771765,
            -0.001844385816959688,
            -0.0059804526259725705,
            0.004070009063949413,
            -0.003721289175462133,
            -0.009991426667979524,
            0.0025931720558669616,
            0.0030793887449854142,
            -0.009865235738439388,
            -0.0026101224546014757,
            -0.006707671464208725,
            -0.0099967088561588,
            -0.006127802148497702,
            0.006748241564281626,
            -0.0013195492824604749,
            -0.005365968622100519,
            0.0068554329588692035,
            0.008589758669378108,
            -0.006983435134378376,
            -0.001887503324424743,
            0.0062663839977163465,
            0.00555280810254868,
            -0.0014276429377642048
          ]
        ],
        "estimator": "lr",
        "intercept": [
          -3.0000000000000004
        ]
      },
      {
        "linear.weight": [
          [
            0.1428571492433548,
            0.1428571492433548,
            0.1428571492433548,
            0.1428571492433548,
            0.1428571492433548,
            0.1428571492433548,
            0.1428571492433548
          ]
        ],
        "linear.bias": [
          0.0
        ],
        "model_type": "pytorch"
      },
      {
        "input_dim": 31,
        "output_dim": 1,
        "n_estimators": 100,
        "estimator": "rf",
        "feature_importances": [
          0.032258064516129024,
          0.032258064516129024,
          0.032258064516129024,
          0.032258064516129024,
          0.032258064516129024,
          0.032258064516129024,
          0.032258064516129024,
          0.032258064516129024,
          0.032258064516129024,
          0.032258064516129024,
          0.032258064516129024,
          0.032258064516129024,
          0.032258064516129024,
          0.032258064516129024,
          0.032258064516129024,
          0.032258064516129024,
          0.032258064516129024,
          0.032258064516129024,
          0.032258064516129024,
          0.032258064516129024,
          0.032258064516129024,
          0.032258064516129024,
          0.032258064516129024,
          0.032258064516129024,
          0.032258064516129024,
          0.032258064516129024,
          0.032258064516129024,
          0.032258064516129024,
          0.032258064516129024,
          0.032258064516129024,
          0.032258064516129024
        ]
      },
      {
        "input_dim": 31,
        "dual_coef": [
          [
            0.01,
            -0.01
          ]
        ],
        "estimator": "svc",
        "output_dim": 1,