{
  "round": 1,
  "eval_loss": 0.4657871127128601,
  "eval_metrics": {
    "ensemble_size": 4.0,
    "accuracy": 54.54545454545455,
    "loss": 0.46578709984367545,
    "num_clients": 2,
    "total_clients": 2,
    "authorized_clients": 2,
    "unauthorized_clients": 0,
    "avg_accuracy": 54.54545454545455
  },
  "num_clients": 2,
  "timestamp": "2025-05-07T14:38:07.139690+00:00"
}