{
  "round": 1,
  "eval_loss": 5.33496473232905,
  "eval_metrics": {
    "ensemble_size": 4.0,
    "accuracy": 1.744186046511628,
    "loss": 5.334964822429096,
    "num_clients": 3,
    "total_clients": 3,
    "authorized_clients": 3,
    "unauthorized_clients": 0,
    "avg_accuracy": 1.7441860465116281
  },
  "num_clients": 3,
  "timestamp": "2025-04-27T07:41:08.395716+00:00"
}