{
  "ensemble_state": {
    "weights": [
      0.21890906064010965,
      0.13987331708183795,
      0.09185991887539015,
      0.24735908486899086,
      0.06766677695253752,
      0.027145380396908874,
      0.1568881284780879,
      0.05029833270613719
    ],
    "model_names": [
      "catboost",
      "knn",
      "lgbm",
      "lr",
      "meta_lr",
      "rf",
      "svc",
      "xgb"
    ],
    "model_state_dicts": [
      {
        "max_depth": 3,
        "n_estimators": 10,
        "feature_importances": [
          0.03225806451612903,
          0.03225806451612903,
          0.03225806451612903,
          0.03225806451612903,
          0.03225806451612903,
          0.03225806451612903,
          0.03225806451612903,
          0.03225806451612903,
          0.03225806451612903,
          0.03225806451612903,
          0.03225806451612903,
          0.03225806451612903,
          0.03225806451612903,
          0.03225806451612903,
          0.03225806451612903,
          0.03225806451612903,
          0.03225806451612903,
          0.03225806451612903,
          0.03225806451612903,
          0.03225806451612903,
          0.03225806451612903,
          0.03225806451612903,
          0.03225806451612903,
          0.03225806451612903,
          0.03225806451612903,
          0.03225806451612903,
          0.03225806451612903,
          0.03225806451612903,
          0.03225806451612903,
          0.03225806451612903,
          0.03225806451612903
        ],
        "estimator": "gbm",
        "input_dim": 31,
        "output_dim": 1,
        "learning_rate": 0.1
      },
      {
        "estimator": "lr",
        "output_dim": 1,
        "input_dim": 31,
        "coef": [
          [
            0.0,
            0.0,
            0.0,
            0.0,
            0.0,
            0.0,
            0.0,
            0.0,
            0.0,
            0.0,
            0.0,
            0.0,
            0.0,
            0.0,
            0.0,
            0.0,
            0.0,
            0.0,
            0.0,
            0.0,
            0.0,
            0.0,
            0.0,
            0.0,
            0.0,
            0.0,
            0.0,
            0.0,
            0.0,
            0.0,
            0.0
          ]
        ],
        "intercept": [
          0.0
        ]
      },
      {
        "max_depth": 3,
        "n_estimators": 10,
        "feature_importances": [
          0.03225806451612903,
          0.03225806451612903,
          0.03225806451612903,
          0.03225806451612903,
          0.03225806451612903,
          0.03225806451612903,
          0.03225806451612903,
          0.03225806451612903,
          0.03225806451612903,
          0.03225806451612903,
          0.03225806451612903,
          0.03225806451612903,
          0.03225806451612903,
          0.03225806451612903,
          0.03225806451612903,
          0.03225806451612903,
          0.03225806451612903,
          0.03225806451612903,
          0.03225806451612903,
          0.03225806451612903,
          0.03225806451612903,
          0.03225806451612903,
          0.03225806451612903,
          0.03225806451612903,
          0.03225806451612903,
          0.03225806451612903,
          0.03225806451612903,
          0.03225806451612903,
          0.03225806451612903,
          0.03225806451612903,
          0.03225806451612903
        ],
        "estimator": "gbm",
        "input_dim": 31,
        "output_dim": 1,
        "learning_rate": 0.1
      },
      {
        "estimator": "lr",
        "output_dim": 1,
        "input_dim": 31,
        "coef": [
          [
            0.0013810992092269398,
            0.007106228668110228,
            -0.00770258648101789,
            -0.0031537281768256233,
            0.0015525275121526065,
            -0.009530178334389301,
            -0.002759012251239936,
            0.00615620408347224,
            0.005587179407234619,
            -0.006789387325909642,
            -0.003609598967629144,
            0.0010844758197534627,
            0.0045620658694609205,
            0.005730847750372888,
            0.003986889070186281,
            -0.0079206702230858,
            0.006677851570643328,
            0.004172119964452612,
            0.009371973834189631,
            -3.930975767203054e-05,
            0.0034900579434745446,
            0.00020351373146312683,
            0.0015301603651907622,
            -0.0037342528507510143,
            0.007501846164161134,
            -0.002064015875080148,
            -0.006271143005876499,
            0.00032520159526547125,
            -0.0017842511218518608,
            0.0055884354108837585,
            0.003071205997702579
          ]
        ],
        "intercept": [
          -3.0
        ]
      },
      {
        "linear.bias": [
          0.0
        ],
        "linear.weight": [
          [
            0.1428571492433548,
            0.1428571492433548,
            0.1428571492433548,
            0.1428571492433548,
            0.1428571492433548,
            0.1428571492433548,
            0.1428571492433548
          ]
        ],
        "model_type": "pytorch"
      },
      {
        "n_estimators": 100,
        "feature_importances": [
          0.03225806451612903,
          0.03225806451612903,
          0.03225806451612903,
          0.03225806451612903,
          0.03225806451612903,
          0.03225806451612903,
          0.03225806451612903,
          0.03225806451612903,
          0.03225806451612903,
          0.03225806451612903,
          0.03225806451612903,
          0.03225806451612903,
          0.03225806451612903,
          0.03225806451612903,
          0.03225806451612903,
          0.03225806451612903,
          0.03225806451612903,
          0.03225806451612903,
          0.03225806451612903,
          0.03225806451612903,
          0.03225806451612903,
          0.03225806451612903,
          0.03225806451612903,
          0.03225806451612903,
          0.03225806451612903,
          0.03225806451612903,
          0.03225806451612903,
          0.03225806451612903,
          0.03225806451612903,
          0.03225806451612903,
          0.03225806451612903
        ],
        "output_dim": 1,
        "input_dim": 31,
        "estimator": "rf"
      },
      {
        "estimator": "svc",
        "output_dim": 1,
        "input_dim": 31,