{
  "round": 1,
  "eval_loss": 0.23936079442501068,
  "eval_metrics": {
    "ensemble_size": 6.0,
    "accuracy": 65.15151515151516,
    "loss": 0.23936078945795694,
    "num_clients": 1,
    "num_trusted_clients": 1,
    "total_clients": 1,
    "authorized_clients": 1,
    "unauthorized_clients": 0,
    "avg_accuracy": 65.15151515151516
  },
  "num_clients": 1,
  "timestamp": "2025-05-11T09:50:44.905033+00:00"
}