{
  "round": 3,
  "metrics": {
    "num_ensembles": 1,
    "num_models": 8,
    "model_names": "catboost,knn,lgbm,lr,meta_lr,rf,svc,xgb",
    "ensemble_weights": [
      0.3730026752479041,
      0.0018013530741536007,
      0.3044606906737528,
      0.0032929920596736846,
      0.024159291498739646,
      0.2140709123359419,
      0.04208237205645007,
      0.03712971305338425
    ],
    "total_clients": 1,
    "authorized_clients": 1,
    "unauthorized_clients": 0,
    "ga_stacking_avg_score": 0,
    "ga_stacking_score_range": 0,
    "ga_stacking_reward_participants": 0
  },
  "num_clients": 1,
  "timestamp": "2025-05-12T12:35:59.045840+00:00"
}