{
  "round": 1,
  "metrics": {
    "num_ensembles": 1,
    "num_models": 8,
    "model_names": "catboost,knn,lgbm,lr,meta_lr,rf,svc,xgb",
    "ensemble_weights": [
      0.25256500269432586,
      0.012087322540317863,
      0.26182693353352715,
      0.0242641604486908,
      0.04947689537027049,
      0.3750641186620305,
      0.024715566750837466,
      0.0
    ],
    "total_clients": 1,
    "authorized_clients": 1,
    "unauthorized_clients": 0,
    "ga_stacking_avg_score": 0,
    "ga_stacking_score_range": 0,
    "ga_stacking_reward_participants": 0
  },
  "num_clients": 1,
  "timestamp": "2025-05-12T12:32:00.627476+00:00"
}