{
  "round": 2,
  "eval_loss": 13.651113510131836,
  "eval_metrics": {
    "ensemble_size": 4.0,
    "accuracy": 10.0,
    "loss": 13.651113986968994,
    "num_clients": 1,
    "total_clients": 1,
    "authorized_clients": 1,
    "unauthorized_clients": 0,
    "avg_accuracy": 10.0
  },
  "num_clients": 1,
  "timestamp": "2025-04-25T03:36:37.872585+00:00"
}