{
  "round": 1,
  "eval_loss": 13.674294471740723,
  "eval_metrics": {
    "ensemble_size": 4.0,
    "accuracy": 10.0,
    "loss": 13.674294471740723,
    "num_clients": 1,
    "total_clients": 1,
    "authorized_clients": 1,
    "unauthorized_clients": 0,
    "avg_accuracy": 10.0
  },
  "num_clients": 1,
  "timestamp": "2025-04-25T03:36:36.432948+00:00"
}