{
  "round": 2,
  "eval_loss": 0.003367803670698777,
  "eval_metrics": {
    "ensemble_size": 8.0,
    "accuracy": 99.785,
    "loss": 0.0033678036865312606,
    "num_clients": 2,
    "total_clients": 2,
    "authorized_clients": 2,
    "unauthorized_clients": 0,
    "avg_accuracy": 99.785
  },
  "num_clients": 2,
  "timestamp": "2025-05-13T18:03:04.707334+00:00"
}