{
  "round": 3,
  "eval_loss": 0.045390634099021554,
  "eval_metrics": {
    "ensemble_size": 8.0,
    "accuracy": 99.785,
    "loss": 0.045390634938143194,
    "num_clients": 2,
    "total_clients": 2,
    "authorized_clients": 2,
    "unauthorized_clients": 0,
    "avg_accuracy": 99.785
  },
  "num_clients": 2,
  "timestamp": "2025-05-13T18:04:06.614825+00:00"
}