{
  "round": 3,
  "eval_loss": 0.02171565406024456,
  "eval_metrics": {
    "ensemble_size": 8.0,
    "accuracy": 99.94,
    "loss": 0.02171565464735031,
    "num_clients": 1,
    "total_clients": 1,
    "authorized_clients": 1,
    "unauthorized_clients": 0,
    "avg_accuracy": 99.94
  },
  "num_clients": 1,
  "timestamp": "2025-05-12T14:02:11.000274+00:00"
}