{
  "round": 3,
  "eval_loss": 0.11161065846681595,
  "eval_metrics": {
    "ensemble_size": 8.0,
    "accuracy": 99.94,
    "loss": 0.11161065737009049,
    "num_clients": 1,
    "total_clients": 1,
    "authorized_clients": 1,
    "unauthorized_clients": 0,
    "avg_accuracy": 99.94
  },
  "num_clients": 1,
  "timestamp": "2025-05-12T13:45:55.351619+00:00"
}