{
  "round": 1,
  "eval_loss": 5.594899614651998,
  "eval_metrics": {
    "ensemble_size": 4.0,
    "accuracy": 0.20495621389975777,
    "loss": 5.594899678043708,
    "num_clients": 3,
    "total_clients": 3,
    "authorized_clients": 3,
    "unauthorized_clients": 0,
    "avg_accuracy": 0.2049562138997578
  },
  "num_clients": 3,
  "timestamp": "2025-04-27T07:56:05.908494+00:00"
}