{
  "round": 3,
  "eval_loss": 5.264018813769022,
  "eval_metrics": {
    "ensemble_size": 4.0,
    "accuracy": 0.6335010247810695,
    "loss": 5.2640189376871565,
    "num_clients": 3,
    "total_clients": 3,
    "authorized_clients": 3,
    "unauthorized_clients": 0,
    "avg_accuracy": 0.6335010247810695
  },
  "num_clients": 3,
  "timestamp": "2025-04-27T07:57:20.673971+00:00"
}