{
  "round": 1,
  "eval_loss": 6.9753271738688145,
  "eval_metrics": {
    "ensemble_size": 4.0,
    "accuracy": 23.33333333333333,
    "loss": 6.975327014923096,
    "num_clients": 3,
    "total_clients": 3,
    "authorized_clients": 3,
    "unauthorized_clients": 0,
    "avg_accuracy": 23.333333333333332
  },
  "num_clients": 3,
  "timestamp": "2025-04-27T06:20:59.706850+00:00"
}