{
  "round": 2,
  "eval_loss": 0.22209097969172586,
  "eval_metrics": {
    "ensemble_size": 4.0,
    "accuracy": 67.8391959798995,
    "loss": 0.2220909782268818,
    "num_clients": 3,
    "total_clients": 3,
    "authorized_clients": 3,
    "unauthorized_clients": 0,
    "avg_accuracy": 67.842605156038
  },
  "num_clients": 3,
  "timestamp": "2025-04-30T14:35:02.931907+00:00"
}