{
  "round": 1,
  "eval_loss": 0.19924925664561477,
  "eval_metrics": {
    "ensemble_size": 4.0,
    "accuracy": 69.3467336683417,
    "loss": 0.19924925621505357,
    "num_clients": 3,
    "total_clients": 3,
    "authorized_clients": 3,
    "unauthorized_clients": 0,
    "avg_accuracy": 69.34268053671038
  },
  "num_clients": 3,
  "timestamp": "2025-04-30T14:34:57.000231+00:00"
}