{
  "round": 1,
  "eval_loss": 0.4795311391353607,
  "eval_metrics": {
    "ensemble_size": 4.0,
    "accuracy": 50.75757575757576,
    "loss": 0.47953112513730023,
    "num_clients": 2,
    "total_clients": 2,
    "authorized_clients": 2,
    "unauthorized_clients": 0,
    "avg_accuracy": 50.75757575757576
  },
  "num_clients": 2,
  "timestamp": "2025-05-04T13:53:25.936640+00:00"
}