{
  "round": 3,
  "eval_loss": 0.16450204700231552,
  "eval_metrics": {
    "ensemble_size": 5.0,
    "accuracy": 69.6969696969697,
    "loss": 0.16450205360623923,
    "num_clients": 2,
    "total_clients": 2,
    "authorized_clients": 2,
    "unauthorized_clients": 0,
    "avg_accuracy": 69.6969696969697
  },
  "num_clients": 2,
  "timestamp": "2025-05-04T13:15:57.251176+00:00"
}