{
  "round": 1,
  "eval_loss": 0.27717202093133975,
  "eval_metrics": {
    "ensemble_size": 4.0,
    "accuracy": 65.32663316582915,
    "loss": 0.27717202307361566,
    "num_clients": 3,
    "total_clients": 3,
    "authorized_clients": 3,
    "unauthorized_clients": 0,
    "avg_accuracy": 65.32489069802503
  },
  "num_clients": 3,
  "timestamp": "2025-04-30T14:37:28.644789+00:00"
}