{
  "round": 3,
  "eval_loss": 0.27206860520132825,
  "eval_metrics": {
    "ensemble_size": 4.0,
    "accuracy": 65.32663316582915,
    "loss": 0.2720685996215828,
    "num_clients": 3,
    "total_clients": 3,
    "authorized_clients": 3,
    "unauthorized_clients": 0,
    "avg_accuracy": 65.32489069802502
  },
  "num_clients": 3,
  "timestamp": "2025-04-30T14:37:35.524480+00:00"
}