{
  "ensemble_state": {
    "weights": [
      0.038609494493440005,
      0.16181158180358315,
      0.1176250477126079,
      0.25561574000373305,
      0.0814159818892157,
      0.06803928070437294,
      0.09714503815657731,
      0.1797378352364699
    ],
    "model_names": [
      "catboost",
      "knn",
      "lgbm",
      "lr",
      "meta_lr",
      "rf",
      "svc",
      "xgb"
    ],
    "model_state_dicts": [
      {
        "n_estimators": 10,
        "learning_rate": 0.1,
        "estimator": "gbm",
        "output_dim": 1,
        "input_dim": 31,
        "max_depth": 3,
        "feature_importances": [
          0.03225806451612903,
          0.03225806451612903,
          0.03225806451612903,
          0.03225806451612903,
          0.03225806451612903,
          0.03225806451612903,
          0.03225806451612903,
          0.03225806451612903,
          0.03225806451612903,
          0.03225806451612903,
          0.03225806451612903,
          0.03225806451612903,
          0.03225806451612903,
          0.03225806451612903,
          0.03225806451612903,
          0.03225806451612903,
          0.03225806451612903,
          0.03225806451612903,
          0.03225806451612903,
          0.03225806451612903,
          0.03225806451612903,
          0.03225806451612903,
          0.03225806451612903,
          0.03225806451612903,
          0.03225806451612903,
          0.03225806451612903,
          0.03225806451612903,
          0.03225806451612903,
          0.03225806451612903,
          0.03225806451612903,
          0.03225806451612903
        ]
      },
      {
        "coef": [
          [
            0.0,
            0.0,
            0.0,
            0.0,
            0.0,
            0.0,
            0.0,
            0.0,
            0.0,
            0.0,
            0.0,
            0.0,
            0.0,
            0.0,
            0.0,
            0.0,
            0.0,
            0.0,
            0.0,
            0.0,
            0.0,
            0.0,
            0.0,
            0.0,
            0.0,
            0.0,
            0.0,
            0.0,
            0.0,
            0.0,
            0.0
          ]
        ],
        "intercept": [
          0.0
        ],
        "estimator": "lr",
        "output_dim": 1,
        "input_dim": 31
      },
      {
        "n_estimators": 10,
        "learning_rate": 0.1,
        "estimator": "gbm",
        "output_dim": 1,
        "input_dim": 31,
        "max_depth": 3,
        "feature_importances": [
          0.03225806451612903,
          0.03225806451612903,
          0.03225806451612903,
          0.03225806451612903,
          0.03225806451612903,
          0.03225806451612903,
          0.03225806451612903,
          0.03225806451612903,
          0.03225806451612903,
          0.03225806451612903,
          0.03225806451612903,
          0.03225806451612903,
          0.03225806451612903,
          0.03225806451612903,
          0.03225806451612903,
          0.03225806451612903,
          0.03225806451612903,
          0.03225806451612903,
          0.03225806451612903,
          0.03225806451612903,
          0.03225806451612903,
          0.03225806451612903,
          0.03225806451612903,
          0.03225806451612903,
          0.03225806451612903,
          0.03225806451612903,
          0.03225806451612903,
          0.03225806451612903,
          0.03225806451612903,
          0.03225806451612903,
          0.03225806451612903
        ]
      },
      {
        "coef": [
          [
            0.0008829031001379543,
            0.007770952039164065,
            -0.0007903772991146378,
            0.0015378457513906593,
            -0.008103003610004274,
            -0.006987480959103128,
            0.004937795966066122,
            0.004476253958315978,
            -0.004132345290795866,
            0.0018136101637186517,
            0.002728790920792019,
            0.007374901534844883,
            -0.004266663367277832,
            0.004471155822887674,
            -0.008285006001922678,
            0.0049062385342864305,
            0.0038421556135431814,
            -0.0016988406975456726,
            -0.008870325624655076,
            0.009114152521724029,
            0.009133852888074952,
            0.0025974541048051324,
            -0.008873134578134878,
            0.0011279149811421248,
            -0.007858078314905568,
            0.00409918372337906,
            -0.0029087836391497035,
            -0.0008575492085399362,
            -0.0035907621209756014,
            0.0028137977344790785,
            0.0022225844012896956
          ]
        ],
        "intercept": [
          -3.0000000000000004
        ],
        "estimator": "lr",
        "output_dim": 1,
        "input_dim": 31
      },
      {
        "linear.bias": [
          0.0
        ],
        "model_type": "pytorch",
        "linear.weight": [
          [
            0.1428571492433548,
            0.1428571492433548,
            0.1428571492433548,
            0.1428571492433548,
            0.1428571492433548,
            0.1428571492433548,
            0.1428571492433548
          ]
        ]
      },
      {
        "n_estimators": 100,
        "estimator": "rf",
        "output_dim": 1,
        "input_dim": 31,