{
  "ensemble_state": {
    "weights": [
      0.27632001285487007,
      0.09347030467900824,
      0.19220489010551411,
      0.20083507615916057,
      0.01777358906619506,
      0.03289620395509277,
      0.1538522543609695,
      0.03264766881918975
    ],
    "model_names": [
      "catboost",
      "knn",
      "lgbm",
      "lr",
      "meta_lr",
      "rf",
      "svc",
      "xgb"
    ],
    "model_state_dicts": [
      {
        "n_estimators": 10,
        "learning_rate": 0.1,
        "estimator": "gbm",
        "output_dim": 1,
        "input_dim": 31,
        "max_depth": 3,
        "feature_importances": [
          0.03225806451612903,
          0.03225806451612903,
          0.03225806451612903,
          0.03225806451612903,
          0.03225806451612903,
          0.03225806451612903,
          0.03225806451612903,
          0.03225806451612903,
          0.03225806451612903,
          0.03225806451612903,
          0.03225806451612903,
          0.03225806451612903,
          0.03225806451612903,
          0.03225806451612903,
          0.03225806451612903,
          0.03225806451612903,
          0.03225806451612903,
          0.03225806451612903,
          0.03225806451612903,
          0.03225806451612903,
          0.03225806451612903,
          0.03225806451612903,
          0.03225806451612903,
          0.03225806451612903,
          0.03225806451612903,
          0.03225806451612903,
          0.03225806451612903,
          0.03225806451612903,
          0.03225806451612903,
          0.03225806451612903,
          0.03225806451612903
        ]
      },
      {
        "coef": [
          [
            0.0,
            0.0,
            0.0,
            0.0,
            0.0,
            0.0,
            0.0,
            0.0,
            0.0,
            0.0,
            0.0,
            0.0,
            0.0,
            0.0,
            0.0,
            0.0,
            0.0,
            0.0,
            0.0,
            0.0,
            0.0,
            0.0,
            0.0,
            0.0,
            0.0,
            0.0,
            0.0,
            0.0,
            0.0,
            0.0,
            0.0
          ]
        ],
        "intercept": [
          0.0
        ],
        "estimator": "lr",
        "output_dim": 1,
        "input_dim": 31
      },
      {
        "n_estimators": 10,
        "learning_rate": 0.1,
        "estimator": "gbm",
        "output_dim": 1,
        "input_dim": 31,
        "max_depth": 3,
        "feature_importances": [
          0.03225806451612903,
          0.03225806451612903,
          0.03225806451612903,
          0.03225806451612903,
          0.03225806451612903,
          0.03225806451612903,
          0.03225806451612903,
          0.03225806451612903,
          0.03225806451612903,
          0.03225806451612903,
          0.03225806451612903,
          0.03225806451612903,
          0.03225806451612903,
          0.03225806451612903,
          0.03225806451612903,
          0.03225806451612903,
          0.03225806451612903,
          0.03225806451612903,
          0.03225806451612903,
          0.03225806451612903,
          0.03225806451612903,
          0.03225806451612903,
          0.03225806451612903,
          0.03225806451612903,
          0.03225806451612903,
          0.03225806451612903,
          0.03225806451612903,
          0.03225806451612903,
          0.03225806451612903,
          0.03225806451612903,
          0.03225806451612903
        ]
      },
      {
        "coef": [
          [
            0.0008829031001379543,
            0.007770952039164064,
            -0.0007903772991146377,
            0.0015378457513906593,
            -0.008103003610004272,
            -0.0069874809591031276,
            0.004937795966066121,
            0.004476253958315978,
            -0.004132345290795865,
            0.0018136101637186517,
            0.002728790920792019,
            0.007374901534844882,
            -0.004266663367277832,
            0.004471155822887674,
            -0.008285006001922677,
            0.00490623853428643,
            0.0038421556135431814,
            -0.0016988406975456723,
            -0.008870325624655076,
            0.009114152521724027,
            0.00913385288807495,
            0.0025974541048051324,
            -0.008873134578134876,
            0.0011279149811421248,
            -0.007858078314905568,
            0.004099183723379059,
            -0.0029087836391497035,
            -0.0008575492085399362,
            -0.003590762120975601,
            0.002813797734479078,
            0.0022225844012896956
          ]
        ],
        "intercept": [
          -3.0
        ],
        "estimator": "lr",
        "output_dim": 1,
        "input_dim": 31
      },
      {
        "linear.bias": [
          0.0
        ],
        "model_type": "pytorch",
        "linear.weight": [
          [
            0.1428571492433548,
            0.1428571492433548,
            0.1428571492433548,
            0.1428571492433548,
            0.1428571492433548,
            0.1428571492433548,
            0.1428571492433548
          ]
        ]
      },
      {
        "n_estimators": 100,
        "estimator": "rf",
        "output_dim": 1,
        "input_dim": 31,