{
  "round": 2,
  "eval_loss": 0.2647475302219391,
  "eval_metrics": {
    "ensemble_size": 4.0,
    "accuracy": 65.15151515151516,
    "loss": 0.2647475186650726,
    "num_clients": 2,
    "total_clients": 2,
    "authorized_clients": 2,
    "unauthorized_clients": 0,
    "avg_accuracy": 65.15151515151516
  },
  "num_clients": 2,
  "timestamp": "2025-05-02T06:58:44.897382+00:00"
}