{
  "round": 1,
  "eval_loss": 0.43780016899108887,
  "eval_metrics": {
    "ensemble_size": 4.0,
    "accuracy": 56.06060606060606,
    "loss": 0.4378001649271358,
    "num_clients": 2,
    "total_clients": 2,
    "authorized_clients": 2,
    "unauthorized_clients": 0,
    "avg_accuracy": 56.06060606060606
  },
  "num_clients": 2,
  "timestamp": "2025-05-04T06:19:17.404934+00:00"
}