{
  "round": 2,
  "eval_loss": 0.47064459323883057,
  "eval_metrics": {
    "ensemble_size": 4.0,
    "accuracy": 53.78787878787879,
    "loss": 0.47064459346460574,
    "num_clients": 2,
    "total_clients": 2,
    "authorized_clients": 2,
    "unauthorized_clients": 0,
    "avg_accuracy": 53.78787878787879
  },
  "num_clients": 2,
  "timestamp": "2025-05-04T06:19:20.852329+00:00"
}