{
  "round": 2,
  "eval_loss": 0.018687337636947632,
  "eval_metrics": {
    "ensemble_size": 8.0,
    "accuracy": 99.6,
    "loss": 0.01868733676224947,
    "num_clients": 1,
    "total_clients": 1,
    "authorized_clients": 1,
    "unauthorized_clients": 0,
    "avg_accuracy": 99.6
  },
  "num_clients": 1,
  "timestamp": "2025-05-12T12:21:44.512729+00:00"
}