{
  "round": 2,
  "eval_loss": 0.4147580713033676,
  "eval_metrics": {
    "ensemble_size": 4.0,
    "accuracy": 59.09090909090909,
    "loss": 0.41475806904561596,
    "num_clients": 2,
    "total_clients": 2,
    "authorized_clients": 2,
    "unauthorized_clients": 0,
    "avg_accuracy": 59.09090909090909
  },
  "num_clients": 2,
  "timestamp": "2025-05-07T14:40:11.978986+00:00"
}