{
  "round": 3,
  "eval_loss": 0.4260341078042984,
  "eval_metrics": {
    "ensemble_size": 4.0,
    "accuracy": 56.81818181818182,
    "loss": 0.426034100579493,
    "num_clients": 2,
    "total_clients": 2,
    "authorized_clients": 2,
    "unauthorized_clients": 0,
    "avg_accuracy": 56.81818181818182
  },
  "num_clients": 2,
  "timestamp": "2025-05-07T14:40:16.543000+00:00"
}