{
  "round": 3,
  "eval_loss": 0.44510991871356964,
  "eval_metrics": {
    "ensemble_size": 4.0,
    "accuracy": 56.81818181818182,
    "loss": 0.44510992097132135,
    "num_clients": 2,
    "total_clients": 2,
    "authorized_clients": 2,
    "unauthorized_clients": 0,
    "avg_accuracy": 56.81818181818182
  },
  "num_clients": 2,
  "timestamp": "2025-05-07T16:01:24.807370+00:00"
}