{
  "round": 2,
  "metrics": {
    "num_ensembles": 1,
    "num_models": 5,
    "model_names": "DeepMLP,GatedMLP,Linear,ResNetMLP,WideMLP",
    "ensemble_weights": [
      0.0,
      0.364296181881188,
      0.0,
      0.049772699753639404,
      0.5859311183651726
    ],
    "total_clients": 1,
    "authorized_clients": 1,
    "unauthorized_clients": 0
  },
  "num_clients": 1,
  "timestamp": "2025-04-20T08:47:34.339022+00:00"
}