{
  "ensemble_state": {
    "weights": [
      0.022970746494766853,
      0.32898347463663064,
      0.4485033243891642,
      0.1995424544794384
    ],
    "model_names": [
      "lr",
      "meta_lr",
      "rf",
      "svc"
    ],
    "model_state_dicts": [
      {
        "input_dim": 9,
        "output_dim": 1,
        "intercept": [
          0.010200000000000002
        ],
        "coef": [
          [
            0.1,
            0.2,
            0.1,
            0.30000000000000004,
            0.2,
            0.1,
            0.4,
            0.1,
            0.30000000000000004
          ]
        ],
        "estimator": "lr"
      },
      {
        "input_dim": 3,
        "output_dim": 1,
        "intercept": [
          -0.8200000000000001
        ],
        "coef": [
          [
            0.33000000000000007,
            0.33000000000000007,
            0.34
          ]
        ],
        "estimator": "meta_lr"
      },
      {
        "n_estimators": 100,
        "input_dim": 9,
        "output_dim": 1,
        "feature_importances": [
          0.12,
          0.05,
          0.15,
          0.1,
          0.2,
          0.18,
          0.1,
          0.05,
          0.05
        ],
        "estimator": "rf"
      },
      {
        "input_dim": 9,
        "dual_coef": [
          [
            0.43210000000000004,
            -0.43210000000000004
          ]
        ],
        "output_dim": 1,
        "intercept": [
          0.5
        ],
        "support_vectors": [
          [
            1.1,
            2.2,
            3.3,
            4.4,
            5.5,
            6.6,
            7.700000000000001,
            8.8,
            9.9
          ],
          [
            9.9,
            8.8,
            7.700000000000001,
            6.6,
            5.5,
            4.4,
            3.3,
            2.2,
            1.1
          ]
        ],
        "estimator": "svc"
      }
    ]
  },
  "info": {
    "round": 2,
    "timestamp": "2025-05-07T14:31:02.588327+00:00",
    "version": "1.0.2",
    "is_ensemble": true,
    "num_models": 4,
    "model_names": [
      "lr",
      "meta_lr",
      "rf",
      "svc"
    ]
  }
}