{
  "round": 1,
  "eval_loss": 0.3313296288251877,
  "eval_metrics": {
    "ensemble_size": 4.0,
    "accuracy": 59.84848484848485,
    "loss": 0.3313296285994125,
    "num_clients": 2,
    "total_clients": 2,
    "authorized_clients": 2,
    "unauthorized_clients": 0,
    "avg_accuracy": 59.84848484848485
  },
  "num_clients": 2,
  "timestamp": "2025-05-03T17:02:44.802326+00:00"
}