{
  "round": 2,
  "eval_loss": 0.4273694306612015,
  "eval_metrics": {
    "ensemble_size": 4.0,
    "accuracy": 57.57575757575758,
    "loss": 0.4273694315643022,
    "num_clients": 2,
    "total_clients": 2,
    "authorized_clients": 2,
    "unauthorized_clients": 0,
    "avg_accuracy": 57.57575757575758
  },
  "num_clients": 2,
  "timestamp": "2025-05-07T14:43:26.326010+00:00"
}