{
  "round": 1,
  "eval_loss": 0.4688804894685745,
  "eval_metrics": {
    "ensemble_size": 4.0,
    "accuracy": 53.78787878787879,
    "loss": 0.4688804849530711,
    "num_clients": 2,
    "total_clients": 2,
    "authorized_clients": 2,
    "unauthorized_clients": 0,
    "avg_accuracy": 53.78787878787879
  },
  "num_clients": 2,
  "timestamp": "2025-05-07T14:43:21.314997+00:00"
}