{
  "ensemble_state": {
    "weights": [
      0.2,
      0.2,
      0.2,
      0.2,
      0.2
    ],
    "model_names": [
      "gbm",
      "lr",
      "meta_lr",
      "rf",
      "svc"
    ],
    "model_state_dicts": [
      {
        "model_type": "pytorch",
        "linear.weight": [
          [
            -5.951110631701825e-05,
            0.00028754197851263706,
            0.004268322765512185,
            -0.00013304429630542672,
            0.002226436311138435,
            0.0037193661900098234,
            0.00044004849083754895,
            0.0009460842407991867,
            -0.0023030119454812417,
            -0.002186328460774891,
            0.06611621334242312,
            0.031109609149283343,
            0.058398441757311736,
            0.018908299972025155,
            0.007390728042951641,
            0.034548433299667294,
            0.03239058681139303,
            0.04086231998837948,
            0.030137344729214692,
            0.039038995003163574,
            0.03885811099044037,
            0.037722582685226776,
            0.04102255508708431,
            0.030821401101594415,
            0.015041057684621158,
            0.016835603362953932,
            0.03949927885031658,
            0.14259705258949787,
            0.15361016904185765,
            0.0740142898996818,
            0.1642639469452741,
            0.08288467748803519,
            0.06009091351724313,
            0.03945965388619448,
            -0.04318074705196786,
            0.14526879932256762,
            0.14040597397755672,
            0.03514871537303411,
            0.11980815472582776,
            0.051651670278342554,
            0.17621024834753954,
            0.11773284372265827,
            0.10820663312540083,
            0.11442371232805926,
            0.10137197069140542,
            0.07712445321921987,
            0.1138738349218816,
            0.09358533830336202,
            0.14902067044007505,
            0.12266989655297655,
            0.16739421833376392,
            0.10625217663319708,
            0.07190502025951934,
            0.12243231693433568,
            0.08653752775638326,
            0.10640336653416504,
            0.06415540468959217,
            0.1116556356064885,
            0.09502043548157561,
            0.05667269592345742,
            0.21758644557998066,
            0.15235469228887477,
            0.12002222013916687,
            0.13774206494550714,
            0.19515973765499478,
            0.004205153581097546,
            0.1296660546714623,
            0.07438621513080862,
            0.09576045421883701,
            0.21158720350907084,
            0.07726640152301795,
            0.12128353275585776,
            0.07050500821073724,
            0.09832943178225864,
            0.12405317189677184,
            0.11998380276013083,
            0.1375246027107066
          ]
        ],
        "linear.bias": [
          0.09038464375341018
        ]
      },
      {
        "intercept": [
          0.0
        ],
        "input_dim": 77,
        "coef": [
          [
            0.0,
            0.0,
            0.0,
            0.0,
            0.0,
            0.0,
            0.0,
            0.0,
            0.0,
            0.0,
            0.0,
            0.0,
            0.0,
            0.0,
            0.0,
            0.0,
            0.0,
            0.0,
            0.0,
            0.0,
            0.0,
            0.0,
            0.0,
            0.0,
            0.0,
            0.0,
            0.0,
            0.0,
            0.0,
            0.0,
            0.0,
            0.0,
            0.0,
            0.0,
            0.0,
            0.0,
            0.0,
            0.0,
            0.0,
            0.0,
            0.0,
            0.0,
            0.0,
            0.0,
            0.0,
            0.0,
            0.0,
            0.0,
            0.0,
            0.0,
            0.0,
            0.0,
            0.0,
            0.0,
            0.0,
            0.0,
            0.0,
            0.0,
            0.0,
            0.0,
            0.0,
            0.0,
            0.0,
            0.0,
            0.0,
            0.0,
            0.0,
            0.0,
            0.0,
            0.0,
            0.0,
            0.0,
            0.0,
            0.0,
            0.0,
            0.0,
            0.0
          ]
        ],
        "estimator": "lr",
        "output_dim": 1
      },
      {
        "intercept": [
          -0.5
        ],
        "input_dim": 4,
        "coef": [
          [
            0.2,
            0.3,
            0.2,
            0.3
          ]
        ],
        "estimator": "meta_lr",
        "output_dim": 1
      },
      {
        "feature_importances": [
          0.012987012987012988,
          0.012987012987012988,
          0.012987012987012988,
          0.012987012987012988,
          0.012987012987012988,
          0.012987012987012988,
          0.012987012987012988,
          0.012987012987012988,
          0.012987012987012988,
          0.012987012987012988,
          0.012987012987012988,
          0.012987012987012988,
          0.012987012987012988,
          0.012987012987012988,
          0.012987012987012988,
          0.012987012987012988,
          0.012987012987012988,
          0.012987012987012988,
          0.012987012987012988,
          0.012987012987012988,
          0.012987012987012988,
          0.012987012987012988,
          0.012987012987012988,
          0.012987012987012988,
          0.012987012987012988,
          0.012987012987012988,
          0.012987012987012988,
          0.012987012987012988,
          0.012987012987012988,
          0.012987012987012988,
          0.012987012987012988,
          0.012987012987012988,
          0.012987012987012988,
          0.012987012987012988,
          0.012987012987012988,
          0.012987012987012988,
          0.012987012987012988,
          0.012987012987012988,
          0.012987012987012988,
          0.012987012987012988,
          0.012987012987012988,
          0.012987012987012988,
          0.012987012987012988,
          0.012987012987012988,
          0.012987012987012988,
          0.012987012987012988,
          0.012987012987012988,
          0.012987012987012988,
          0.012987012987012988,
          0.012987012987012988,
          0.012987012987012988,
          0.012987012987012988,
          0.012987012987012988,
          0.012987012987012988,
          0.012987012987012988,
          0.012987012987012988,
          0.012987012987012988,
          0.012987012987012988,
          0.012987012987012988,
          0.012987012987012988,
          0.012987012987012988,
          0.012987012987012988,
          0.012987012987012988,
          0.012987012987012988,
          0.012987012987012988,
          0.012987012987012988,
          0.012987012987012988,
          0.012987012987012988,
          0.012987012987012988,
          0.012987012987012988,
          0.012987012987012988,
          0.012987012987012988,
          0.012987012987012988,
          0.012987012987012988,
          0.012987012987012988,
          0.012987012987012988,
          0.012987012987012988
        ],
        "input_dim": 77,
        "estimator": "rf",
        "output_dim": 1,
        "n_estimators": 100
      },
      {
        "intercept": [
          0.0
        ],
        "dual_coef": [
          [
            0.5,
            -0.5
          ]
        ],
        "input_dim": 77,
        "estimator": "svc",
        "output_dim": 1,