{
  "ensemble_state": {
    "weights": [
      0.2,
      0.2,
      0.2,
      0.2,
      0.2
    ],
    "model_names": [
      "gbm",
      "lr",
      "meta_lr",
      "rf",
      "svc"
    ],
    "model_state_dicts": [
      {
        "model_type": "pytorch",
        "linear.weight": [
          [
            0.00045497490937921106,
            -0.0013425588440195157,
            0.004174665822606534,
            -6.70754613795817e-05,
            0.0015612096857588829,
            0.002946137500877679,
            0.00018703508628637556,
            0.004201034425087098,
            -0.0017349879064845074,
            -0.001782936918347439,
            0.06611621334242312,
            0.049161870871107426,
            0.08603099534427491,
            0.03162995874150084,
            0.018210918737720082,
            0.053390266610117774,
            0.052478767326178864,
            0.06522596997579831,
            0.04342063613299614,
            0.06214934394681443,
            0.06115931670548827,
            0.05205114010116638,
            0.05725499166622558,
            0.040416238867739394,
            0.03446054672367444,
            0.03474976806172705,
            0.03662966917489974,
            0.12414227372270323,
            0.13599635063822726,
            0.06432936323514217,
            0.1429576242480134,
            0.07389069496806126,
            0.05268411058825645,
            0.034417534601705865,
            -0.04318074705196786,
            0.12836754693583313,
            0.12404690849269444,
            0.030541565905871128,
            0.10555280398108524,
            0.044974360205475405,
            0.15409971838428604,
            0.10272602553939869,
            0.09476740368184744,
            0.10167492278078931,
            0.08940737488021688,
            0.06738610612412615,
            0.0991725237623661,
            0.08241557721663853,
            0.13024291326870893,
            0.10711598603921708,
            0.14712405004754175,
            0.09236006181225791,
            0.06285734849658536,
            0.10777197203064068,
            0.07590506958434692,
            0.09242998737736846,
            0.05598519027742435,
            0.09819899953425715,
            0.08271536680584339,
            0.051908054388940764,
            0.18769339977851132,
            0.13508154928281346,
            0.10251019898307459,
            0.12070499371773824,
            0.16868201593722698,
            0.01660668994341045,
            0.11304864300679315,
            0.06404018392407489,
            0.08395956251701368,
            0.18424835046849497,
            0.06818371072569271,
            0.10817667877924197,
            0.06067759651600927,
            0.08524731315074716,
            0.10561888854907432,
            0.10479280144211864,
            0.12153661089722803
          ]
        ],
        "linear.bias": [
          0.09093507218518254
        ]
      },
      {
        "intercept": [
          0.0
        ],
        "input_dim": 77,
        "coef": [
          [
            0.0,
            0.0,
            0.0,
            0.0,
            0.0,
            0.0,
            0.0,
            0.0,
            0.0,
            0.0,
            0.0,
            0.0,
            0.0,
            0.0,
            0.0,
            0.0,
            0.0,
            0.0,
            0.0,
            0.0,
            0.0,
            0.0,
            0.0,
            0.0,
            0.0,
            0.0,
            0.0,
            0.0,
            0.0,
            0.0,
            0.0,
            0.0,
            0.0,
            0.0,
            0.0,
            0.0,
            0.0,
            0.0,
            0.0,
            0.0,
            0.0,
            0.0,
            0.0,
            0.0,
            0.0,
            0.0,
            0.0,
            0.0,
            0.0,
            0.0,
            0.0,
            0.0,
            0.0,
            0.0,
            0.0,
            0.0,
            0.0,
            0.0,
            0.0,
            0.0,
            0.0,
            0.0,
            0.0,
            0.0,
            0.0,
            0.0,
            0.0,
            0.0,
            0.0,
            0.0,
            0.0,
            0.0,
            0.0,
            0.0,
            0.0,
            0.0,
            0.0
          ]
        ],
        "estimator": "lr",
        "output_dim": 1
      },
      {
        "intercept": [
          -0.5
        ],
        "input_dim": 4,
        "coef": [
          [
            0.2,
            0.3,
            0.2,
            0.3
          ]
        ],
        "estimator": "meta_lr",
        "output_dim": 1
      },
      {
        "feature_importances": [
          0.012987012987012988,
          0.012987012987012988,
          0.012987012987012988,
          0.012987012987012988,
          0.012987012987012988,
          0.012987012987012988,
          0.012987012987012988,
          0.012987012987012988,
          0.012987012987012988,
          0.012987012987012988,
          0.012987012987012988,
          0.012987012987012988,
          0.012987012987012988,
          0.012987012987012988,
          0.012987012987012988,
          0.012987012987012988,
          0.012987012987012988,
          0.012987012987012988,
          0.012987012987012988,
          0.012987012987012988,
          0.012987012987012988,
          0.012987012987012988,
          0.012987012987012988,
          0.012987012987012988,
          0.012987012987012988,
          0.012987012987012988,
          0.012987012987012988,
          0.012987012987012988,
          0.012987012987012988,
          0.012987012987012988,
          0.012987012987012988,
          0.012987012987012988,
          0.012987012987012988,
          0.012987012987012988,
          0.012987012987012988,
          0.012987012987012988,
          0.012987012987012988,
          0.012987012987012988,
          0.012987012987012988,
          0.012987012987012988,
          0.012987012987012988,
          0.012987012987012988,
          0.012987012987012988,
          0.012987012987012988,
          0.012987012987012988,
          0.012987012987012988,
          0.012987012987012988,
          0.012987012987012988,
          0.012987012987012988,
          0.012987012987012988,
          0.012987012987012988,
          0.012987012987012988,
          0.012987012987012988,
          0.012987012987012988,
          0.012987012987012988,
          0.012987012987012988,
          0.012987012987012988,
          0.012987012987012988,
          0.012987012987012988,
          0.012987012987012988,
          0.012987012987012988,
          0.012987012987012988,
          0.012987012987012988,
          0.012987012987012988,
          0.012987012987012988,
          0.012987012987012988,
          0.012987012987012988,
          0.012987012987012988,
          0.012987012987012988,
          0.012987012987012988,
          0.012987012987012988,
          0.012987012987012988,
          0.012987012987012988,
          0.012987012987012988,
          0.012987012987012988,
          0.012987012987012988,
          0.012987012987012988
        ],
        "input_dim": 77,
        "estimator": "rf",
        "output_dim": 1,
        "n_estimators": 100
      },
      {
        "intercept": [
          0.0
        ],
        "dual_coef": [
          [
            0.5,
            -0.5
          ]
        ],
        "input_dim": 77,
        "estimator": "svc",
        "output_dim": 1,