{
  "round": 1,
  "eval_loss": 12.350138028462727,
  "eval_metrics": {
    "ensemble_size": 4.0,
    "accuracy": 11.666666666666666,
    "loss": 12.350137869517008,
    "num_clients": 3,
    "total_clients": 3,
    "authorized_clients": 3,
    "unauthorized_clients": 0,
    "avg_accuracy": 11.666666666666666
  },
  "num_clients": 3,
  "timestamp": "2025-04-27T06:05:15.980506+00:00"
}