{
  "round": 2,
  "eval_loss": 0.0034957928583025932,
  "eval_metrics": {
    "ensemble_size": 5.0,
    "accuracy": 99.6,
    "loss": 0.0034957929622498342,
    "num_clients": 1,
    "total_clients": 1,
    "authorized_clients": 1,
    "unauthorized_clients": 0,
    "avg_accuracy": 99.6
  },
  "num_clients": 1,
  "timestamp": "2025-05-11T11:13:31.362405+00:00"
}