{
  "round": 3,
  "eval_loss": 0.003539938712492585,
  "eval_metrics": {
    "ensemble_size": 5.0,
    "accuracy": 99.6,
    "loss": 0.0035399387280340305,
    "num_clients": 1,
    "total_clients": 1,
    "authorized_clients": 1,
    "unauthorized_clients": 0,
    "avg_accuracy": 99.6
  },
  "num_clients": 1,
  "timestamp": "2025-05-11T11:15:04.131442+00:00"
}