{
  "round": 3,
  "eval_loss": 0.4193427711725235,
  "eval_metrics": {
    "ensemble_size": 4.0,
    "accuracy": 54.54545454545455,
    "loss": 0.4193427793004296,
    "num_clients": 2,
    "total_clients": 2,
    "authorized_clients": 2,
    "unauthorized_clients": 0,
    "avg_accuracy": 54.54545454545455
  },
  "num_clients": 2,
  "timestamp": "2025-05-03T17:24:12.030061+00:00"
}