{
  "round": 1,
  "eval_loss": 11.337556838989258,
  "eval_metrics": {
    "ensemble_size": 4.0,
    "accuracy": 10.0,
    "loss": 11.337556838989258,
    "num_clients": 1,
    "total_clients": 1,
    "authorized_clients": 1,
    "unauthorized_clients": 0,
    "avg_accuracy": 10.0
  },
  "num_clients": 1,
  "timestamp": "2025-04-24T15:40:22.319550+00:00"
}