{
  "round": 1,
  "eval_loss": 0.425620898604393,
  "eval_metrics": {
    "ensemble_size": 4.0,
    "accuracy": 58.333333333333336,
    "loss": 0.4256208977012923,
    "num_clients": 2,
    "total_clients": 2,
    "authorized_clients": 2,
    "unauthorized_clients": 0,
    "avg_accuracy": 58.333333333333336
  },
  "num_clients": 2,
  "timestamp": "2025-05-06T12:51:27.247101+00:00"
}