{
  "round": 3,
  "eval_loss": 0.26636257767677307,
  "eval_metrics": {
    "ensemble_size": 4.0,
    "accuracy": 63.63636363636363,
    "loss": 0.26636259122328326,
    "num_clients": 1,
    "total_clients": 1,
    "authorized_clients": 1,
    "unauthorized_clients": 0,
    "avg_accuracy": 63.63636363636363
  },
  "num_clients": 1,
  "timestamp": "2025-05-11T10:33:26.802802+00:00"
}