{
  "round": 2,
  "eval_loss": 0.27073734998703003,
  "eval_metrics": {
    "ensemble_size": 4.0,
    "accuracy": 63.63636363636363,
    "loss": 0.27073735450253344,
    "num_clients": 1,
    "total_clients": 1,
    "authorized_clients": 1,
    "unauthorized_clients": 0,
    "avg_accuracy": 63.63636363636363
  },
  "num_clients": 1,
  "timestamp": "2025-05-11T10:33:25.929343+00:00"
}