{
  "round": 1,
  "eval_loss": 0.0507634524255991,
  "eval_metrics": {
    "ensemble_size": 8.0,
    "accuracy": 99.59,
    "loss": 0.05076345302090049,
    "num_clients": 2,
    "total_clients": 2,
    "authorized_clients": 2,
    "unauthorized_clients": 0,
    "avg_accuracy": 99.59
  },
  "num_clients": 2,
  "timestamp": "2025-05-14T03:10:21.202131+00:00"
}