{
  "round": 2,
  "eval_loss": 0.06267093867063522,
  "eval_metrics": {
    "ensemble_size": 8.0,
    "accuracy": 99.585,
    "loss": 0.06267094063460826,
    "num_clients": 2,
    "total_clients": 2,
    "authorized_clients": 2,
    "unauthorized_clients": 0,
    "avg_accuracy": 99.585
  },
  "num_clients": 2,
  "timestamp": "2025-05-14T03:11:19.140990+00:00"
}