{
  "round": 1,
  "eval_loss": 0.4667358696460724,
  "eval_metrics": {
    "ensemble_size": 4.0,
    "accuracy": 52.27272727272727,
    "loss": 0.46673587732242816,
    "num_clients": 2,
    "total_clients": 2,
    "authorized_clients": 2,
    "unauthorized_clients": 0,
    "avg_accuracy": 52.27272727272727
  },
  "num_clients": 2,
  "timestamp": "2025-05-07T14:48:06.132014+00:00"
}