{
  "round": 2,
  "eval_loss": 0.01975936070084572,
  "eval_metrics": {
    "ensemble_size": 8.0,
    "accuracy": 99.6,
    "loss": 0.019759359967708588,
    "num_clients": 1,
    "total_clients": 1,
    "authorized_clients": 1,
    "unauthorized_clients": 0,
    "avg_accuracy": 99.6
  },
  "num_clients": 1,
  "timestamp": "2025-05-12T11:29:03.777086+00:00"
}