{
  "round": 3,
  "eval_loss": 0.2622882127761841,
  "eval_metrics": {
    "ensemble_size": 4.0,
    "accuracy": 66.66666666666667,
    "loss": 0.26228822168019233,
    "num_clients": 2,
    "total_clients": 2,
    "authorized_clients": 2,
    "unauthorized_clients": 0,
    "avg_accuracy": 66.66666666666667
  },
  "num_clients": 2,
  "timestamp": "2025-05-01T15:02:15.092099+00:00"
}