{
  "round": 2,
  "eval_loss": 0.26990847289562225,
  "eval_metrics": {
    "ensemble_size": 4.0,
    "accuracy": 65.15151515151516,
    "loss": 0.2699084692391228,
    "num_clients": 2,
    "total_clients": 2,
    "authorized_clients": 2,
    "unauthorized_clients": 0,
    "avg_accuracy": 65.15151515151516
  },
  "num_clients": 2,
  "timestamp": "2025-05-01T15:02:11.370369+00:00"
}