{
  "round": 2,
  "eval_loss": 0.26384134590625763,
  "eval_metrics": {
    "ensemble_size": 4.0,
    "accuracy": 65.15151515151516,
    "loss": 0.26384133883314487,
    "num_clients": 2,
    "total_clients": 2,
    "authorized_clients": 2,
    "unauthorized_clients": 0,
    "avg_accuracy": 65.15151515151516
  },
  "num_clients": 2,
  "timestamp": "2025-05-01T13:31:56.980353+00:00"
}