{
  "ensemble_state": {
    "weights": [
      0.006518770169063618,
      0.06347176119884998,
      0.33617727468664227,
      0.0,
      0.09136701781350792,
      0.4642622891818851,
      0.021111572983571796,
      0.017091313966479265
    ],
    "model_names": [
      "catboost",
      "isolation_forest",
      "lgbm",
      "lr",
      "meta_lr",
      "rf",
      "svc",
      "xgb"
    ],
    "model_state_dicts": [
      {
        "estimator": "gbm",
        "n_estimators": 10,
        "learning_rate": 0.10000000000000002,
        "feature_importances": [
          0.03225806451612903,
          0.03225806451612903,
          0.03225806451612903,
          0.03225806451612903,
          0.03225806451612903,
          0.03225806451612903,
          0.03225806451612903,
          0.03225806451612903,
          0.03225806451612903,
          0.03225806451612903,
          0.03225806451612903,
          0.03225806451612903,
          0.03225806451612903,
          0.03225806451612903,
          0.03225806451612903,
          0.03225806451612903,
          0.03225806451612903,
          0.03225806451612903,
          0.03225806451612903,
          0.03225806451612903,
          0.03225806451612903,
          0.03225806451612903,
          0.03225806451612903,
          0.03225806451612903,
          0.03225806451612903,
          0.03225806451612903,
          0.03225806451612903,
          0.03225806451612903,
          0.03225806451612903,
          0.03225806451612903,
          0.03225806451612903
        ],
        "max_depth": 3,
        "output_dim": 1,
        "input_dim": 31
      },
      {
        "linear.bias": [
          NaN
        ],
        "linear.weight": [
          [
            NaN,
            NaN,
            NaN,
            NaN,
            NaN,
            NaN,
            NaN,
            NaN,
            NaN,
            NaN,
            NaN,
            NaN,
            NaN,
            NaN,
            NaN,
            NaN,
            NaN,
            NaN,
            NaN,
            NaN,
            NaN,
            NaN,
            NaN,
            NaN,
            NaN,
            NaN,
            NaN,
            NaN,
            NaN,
            NaN,
            NaN
          ]
        ],
        "model_type": "pytorch"
      },
      {
        "estimator": "gbm",
        "n_estimators": 100,
        "learning_rate": 0.03,
        "feature_importances": [
          0.03225806451612903,
          0.03225806451612903,
          0.03225806451612903,
          0.03225806451612903,
          0.03225806451612903,
          0.03225806451612903,
          0.03225806451612903,
          0.03225806451612903,
          0.03225806451612903,
          0.03225806451612903,
          0.03225806451612903,
          0.03225806451612903,
          0.03225806451612903,
          0.03225806451612903,
          0.03225806451612903,
          0.03225806451612903,
          0.03225806451612903,
          0.03225806451612903,
          0.03225806451612903,
          0.03225806451612903,
          0.03225806451612903,
          0.03225806451612903,
          0.03225806451612903,
          0.03225806451612903,
          0.03225806451612903,
          0.03225806451612903,
          0.03225806451612903,
          0.03225806451612903,
          0.03225806451612903,
          0.03225806451612903,
          0.03225806451612903
        ],
        "max_depth": 5,
        "output_dim": 1,
        "input_dim": 31
      },
      {
        "estimator": "lr",
        "coef": [
          [
            0.008760622586459101,
            -0.004213917561180891,
            -0.007723676114181318,
            0.004398842826258187,
            0.0022994681942879684,
            -0.008451814257937808,
            0.006990820152805428,
            0.0013497223774023223,
            0.0015817853565599106,
            0.007592842955937597,
            0.0019133465371635495,
            0.005795136542439275,
            0.0009911667559977279,
            0.0029833849896412253,
            0.009195065532945247,
            -0.001750798333170489,
            0.001905149319191118,
            -0.005882633938181312,
            -0.0038806371820196616,
            -0.0005785020490505222,
            0.007113830176043131,
            0.0012039537240517099,
            -0.004881858493347206,
            0.007026939221962921,
            3.9580364004422955e-05,
            -0.009905067440558536,
            0.006756926461153187,
            0.00023772456293494164,
            0.0035285486122748327,
            0.0029785930178818174,
            0.007122916697686046
          ]
        ],
        "output_dim": 1,
        "intercept": [
          -3.0
        ],
        "input_dim": 31
      },
      {
        "linear.bias": [
          -0.05381069070650949
        ],
        "linear.weight": [
          [
            -0.13831820346548562,
            -0.226931223775131,
            -0.12106865286842136,
            -0.30948456681276904,
            -0.145614243679081,
            0.19951541763659542,
            0.2670786116629206
          ]
        ],
        "model_type": "pytorch"
      },
      {
        "estimator": "rf",
        "n_estimators": 100,
        "feature_importances": [
          0.03225806451612903,
          0.03225806451612903,
          0.03225806451612903,
          0.03225806451612903,
          0.03225806451612903,
          0.03225806451612903,
          0.03225806451612903,
          0.03225806451612903,
          0.03225806451612903,
          0.03225806451612903,
          0.03225806451612903,
          0.03225806451612903,
          0.03225806451612903,
          0.03225806451612903,
          0.03225806451612903,
          0.03225806451612903,
          0.03225806451612903,
          0.03225806451612903,
          0.03225806451612903,
          0.03225806451612903,
          0.03225806451612903,
          0.03225806451612903,
          0.03225806451612903,
          0.03225806451612903,
          0.03225806451612903,
          0.03225806451612903,
          0.03225806451612903,
          0.03225806451612903,
          0.03225806451612903,
          0.03225806451612903,
          0.03225806451612903
        ],
        "output_dim": 1,
        "input_dim": 31
      },
      {
        "estimator": "svc",
        "dual_coef": [
          [
            0.01,
            -0.01
          ]
        ],