{
  "ensemble_state": {
    "model_parameters": [
      {
        "estimator": "lr",
        "model_type": "lr",
        "input_dim": 31,
        "output_dim": 1,
        "coef": [
          [
            0.008760622586459101,
            -0.004213917561180891,
            -0.007723676114181318,
            0.004398842826258187,
            0.0022994681942879684,
            -0.008451814257937808,
            0.006990820152805428,
            0.0013497223774023223,
            0.0015817853565599106,
            0.007592842955937597,
            0.0019133465371635495,
            0.005795136542439275,
            0.0009911667559977279,
            0.0029833849896412253,
            0.009195065532945247,
            -0.001750798333170489,
            0.001905149319191118,
            -0.005882633938181312,
            -0.0038806371820196616,
            -0.0005785020490505222,
            0.007113830176043131,
            0.0012039537240517099,
            -0.004881858493347206,
            0.007026939221962921,
            3.9580364004422955e-05,
            -0.009905067440558536,
            0.006756926461153187,
            0.00023772456293494164,
            0.0035285486122748327,
            0.0029785930178818174,
            0.007122916697686046
          ]
        ],
        "intercept": [
          -3.0
        ],
        "penalty": "l2",
        "C": 0.1,
        "class_weight": {
          "0": 1,
          "1": 100
        },
        "solver": "liblinear",
        "max_iter": 1000,
        "random_state": 42
      },
      {
        "estimator": "svc",
        "model_type": "svc",
        "input_dim": 31,
        "output_dim": 1,
        "kernel": "rbf",
        "C": 100.0,
        "gamma": "auto",
        "probability": true,
        "class_weight": {
          "0": 1,
          "1": 100
        },
        "random_state": 42,
        "dual_coef": [
          [
            0.01,
            -0.01
          ]
        ],
        "support_vectors": [
          [
            0.01050440266198889,
            0.03752590636218062,
            0.09924970622739251,
            -0.0978785614426955,
            -0.05429444771928674,
            0.08372792820659616,
            0.026717070006675614,
            -0.055184320302436876,
            -0.06660027423151335,
            -0.007311998882237325,
            -0.010732483839900511,
            -0.035876349094424526,
            -0.07740821846145501,
            0.008753628615144643,
            -0.08263039677178102,
            0.0885171382164214,
            0.012737015986476946,
            0.03388262169999173,
            0.08909260527293308,
            0.09644013908835511,
            -0.014216217512302537,
            -0.09082577185997905,
            -0.019078472238627728,
            -0.056424808804383435,
            0.08857734074362494,
            0.05557496455510402,
            -0.03295056653457473,
            0.0310598156355828,
            -0.0914876173156599,
            -0.08137248084094023,
            0.019766232509340995
          ],
          [
            0.0814739739853621,
            -0.030277062618628642,
            0.03711003693074785,
            -1.9384991042703525e-05,
            0.017233995633607363,
            0.059026115610674196,
            0.05248768551592739,
            -0.05056989095211049,
            0.0491863025851349,
            0.06474233052884029,
            0.059118346043578934,
            0.016456227570698728,
            0.08285523950765558,
            0.06926166560320415,
            0.06550245883799802,
            -0.0660226467674827,
            0.07733636239884578,
            0.08092968030593586,
            0.07203917774971602,
            0.09027315153319779,
            -0.014929174266145179,
            0.06743544798263312,
            -0.08416245267230126,
            -0.005682013182379042,
            -0.0407625482732003,
            0.031021194650980854,
            0.02194273221995595,
            0.05484617869571512,
            0.01513802837142593,
            0.02411341370923173,
            0.02346548728596523
          ]
        ],
        "intercept": [
          -1.0
        ]
      },
      {
        "estimator": "rf",
        "model_type": "rf",
        "input_dim": 31,
        "output_dim": 1,
        "n_estimators": 100,
        "criterion": "entropy",
        "max_depth": 10,
        "min_samples_split": 10,
        "min_samples_leaf": 5,
        "max_features": 0.7,
        "bootstrap": true,
        "class_weight": {
          "0": 1,
          "1": 100
        },
        "random_state": 42,
        "feature_importances": [
          0.05,
          0.05,
          0.05,
          0.05,
          0.03076923076923077,
          0.03076923076923077,
          0.03076923076923077,
          0.03076923076923077,
          0.03076923076923077,
          0.03076923076923077,
          0.03076923076923077,
          0.03076923076923077,
          0.03076923076923077,
          0.03076923076923077,
          0.03076923076923077,
          0.03076923076923077,
          0.03076923076923077,
          0.03076923076923077,
          0.03076923076923077,
          0.03076923076923077,
          0.03076923076923077,
          0.03076923076923077,
          0.03076923076923077,
          0.03076923076923077,
          0.03076923076923077,
          0.03076923076923077,
          0.03076923076923077,
          0.03076923076923077,
          0.03076923076923077,
          0.03076923076923077
        ]
      },
      {
        "estimator": "xgb",
        "model_type": "xgb",
        "input_dim": 31,
        "output_dim": 1,
        "n_estimators": 100,
        "max_depth": 5,
        "learning_rate": 0.05,
        "subsample": 0.8,
        "colsample_bytree": 0.8,
        "objective": "binary:logistic",
        "scale_pos_weight": 580,
        "random_state": 42,
        "feature_importances": [
          0.05,
          0.05,
          0.05,
          0.05,
          0.03076923076923077,
          0.03076923076923077,
          0.03076923076923077,
          0.03076923076923077,
          0.03076923076923077,
          0.03076923076923077,
          0.03076923076923077,
          0.03076923076923077,
          0.03076923076923077,
          0.03076923076923077,
          0.03076923076923077,
          0.03076923076923077,
          0.03076923076923077,
          0.03076923076923077,
          0.03076923076923077,
          0.03076923076923077,
          0.03076923076923077,
          0.03076923076923077,
          0.03076923076923077,
          0.03076923076923077,
          0.03076923076923077,
          0.03076923076923077,
          0.03076923076923077,
          0.03076923076923077,
          0.03076923076923077,
          0.03076923076923077
        ]
      },
      {
        "estimator": "lgbm",
        "model_type": "lgbm",
        "input_dim": 31,
        "output_dim": 1,
        "n_estimators": 100,
        "max_depth": 5,
        "learning_rate": 0.03,
        "subsample": 0.7,
        "colsample_bytree": 0.7,
        "objective": "binary",
        "is_unbalance": true,
        "boosting_type": "dart",
        "importance_type": "gain",
        "random_state": 42,