{
  "round": 1,
  "eval_loss": 0.02585008181631565,
  "eval_metrics": {
    "ensemble_size": 8.0,
    "accuracy": 99.46,
    "loss": 0.025850081673264504,
    "num_clients": 1,
    "total_clients": 1,
    "authorized_clients": 1,
    "unauthorized_clients": 0,
    "avg_accuracy": 99.46
  },
  "num_clients": 1,
  "timestamp": "2025-05-12T14:38:00.312502+00:00"
}