{
  "round": 1,
  "eval_loss": 0.2540033757686615,
  "eval_metrics": {
    "ensemble_size": 3.0,
    "accuracy": 34.84848484848485,
    "loss": 0.2540033685438561,
    "num_clients": 1,
    "num_trusted_clients": 1,
    "total_clients": 1,
    "authorized_clients": 1,
    "unauthorized_clients": 0,
    "avg_accuracy": 34.84848484848485
  },
  "num_clients": 1,
  "timestamp": "2025-05-11T09:31:58.097051+00:00"
}