{
  "round": 1,
  "eval_loss": 4.6314520835876465,
  "eval_metrics": {
    "ensemble_size": 4.0,
    "accuracy": 20.0,
    "loss": 4.6314520835876465,
    "num_clients": 1,
    "total_clients": 1,
    "authorized_clients": 1,
    "unauthorized_clients": 0,
    "avg_accuracy": 20.0
  },
  "num_clients": 1,
  "timestamp": "2025-04-24T15:43:17.817971+00:00"
}