{
  "ensemble_state": {
    "weights": [
      0.32590164513147224,
      0.12019512698838619,
      0.3399999867446927,
      0.11699402052731483,
      0.0023286022216722707,
      0.0331062372431725,
      0.024047911714548575,
      0.03742646942874052
    ],
    "model_names": [
      "catboost",
      "knn",
      "lgbm",
      "lr",
      "meta_lr",
      "rf",
      "svc",
      "xgb"
    ],
    "model_state_dicts": [
      {
        "estimator": "gbm",
        "n_estimators": 10,
        "learning_rate": 0.1,
        "max_depth": 3,
        "feature_importances": [
          0.012987012987012988,
          0.012987012987012988,
          0.012987012987012988,
          0.012987012987012988,
          0.012987012987012988,
          0.012987012987012988,
          0.012987012987012988,
          0.012987012987012988,
          0.012987012987012988,
          0.012987012987012988,
          0.012987012987012988,
          0.012987012987012988,
          0.012987012987012988,
          0.012987012987012988,
          0.012987012987012988,
          0.012987012987012988,
          0.012987012987012988,
          0.012987012987012988,
          0.012987012987012988,
          0.012987012987012988,
          0.012987012987012988,
          0.012987012987012988,
          0.012987012987012988,
          0.012987012987012988,
          0.012987012987012988,
          0.012987012987012988,
          0.012987012987012988,
          0.012987012987012988,
          0.012987012987012988,
          0.012987012987012988,
          0.012987012987012988,
          0.012987012987012988,
          0.012987012987012988,
          0.012987012987012988,
          0.012987012987012988,
          0.012987012987012988,
          0.012987012987012988,
          0.012987012987012988,
          0.012987012987012988,
          0.012987012987012988,
          0.012987012987012988,
          0.012987012987012988,
          0.012987012987012988,
          0.012987012987012988,
          0.012987012987012988,
          0.012987012987012988,
          0.012987012987012988,
          0.012987012987012988,
          0.012987012987012988,
          0.012987012987012988,
          0.012987012987012988,
          0.012987012987012988,
          0.012987012987012988,
          0.012987012987012988,
          0.012987012987012988,
          0.012987012987012988,
          0.012987012987012988,
          0.012987012987012988,
          0.012987012987012988,
          0.012987012987012988,
          0.012987012987012988,
          0.012987012987012988,
          0.012987012987012988,
          0.012987012987012988,
          0.012987012987012988,
          0.012987012987012988,
          0.012987012987012988,
          0.012987012987012988,
          0.012987012987012988,
          0.012987012987012988,
          0.012987012987012988,
          0.012987012987012988,
          0.012987012987012988,
          0.012987012987012988,
          0.012987012987012988,
          0.012987012987012988,
          0.012987012987012988
        ],
        "input_dim": 77,
        "output_dim": 1
      },
      {
        "estimator": "lr",
        "coef": [
          [
            0.0,
            0.0,
            0.0,
            0.0,
            0.0,
            0.0,
            0.0,
            0.0,
            0.0,
            0.0,
            0.0,
            0.0,
            0.0,
            0.0,
            0.0,
            0.0,
            0.0,
            0.0,
            0.0,
            0.0,
            0.0,
            0.0,
            0.0,
            0.0,
            0.0,
            0.0,
            0.0,
            0.0,
            0.0,
            0.0,
            0.0,
            0.0,
            0.0,
            0.0,
            0.0,
            0.0,
            0.0,
            0.0,
            0.0,
            0.0,
            0.0,
            0.0,
            0.0,
            0.0,
            0.0,
            0.0,
            0.0,
            0.0,
            0.0,
            0.0,
            0.0,
            0.0,
            0.0,
            0.0,
            0.0,
            0.0,
            0.0,
            0.0,
            0.0,
            0.0,
            0.0,
            0.0,
            0.0,
            0.0,
            0.0,
            0.0,
            0.0,
            0.0,
            0.0,
            0.0,
            0.0,
            0.0,
            0.0,
            0.0,
            0.0,
            0.0,
            0.0
          ]
        ],
        "intercept": [
          0.0
        ],
        "input_dim": 77,
        "output_dim": 1
      },
      {
        "estimator": "gbm",
        "n_estimators": 100,
        "learning_rate": 0.05,
        "max_depth": 8,
        "feature_importances": [
          0.012987012987012988,
          0.012987012987012988,
          0.012987012987012988,
          0.012987012987012988,
          0.012987012987012988,
          0.012987012987012988,
          0.012987012987012988,
          0.012987012987012988,
          0.012987012987012988,
          0.012987012987012988,
          0.012987012987012988,
          0.012987012987012988,
          0.012987012987012988,
          0.012987012987012988,
          0.012987012987012988,
          0.012987012987012988,
          0.012987012987012988,
          0.012987012987012988,
          0.012987012987012988,
          0.012987012987012988,
          0.012987012987012988,
          0.012987012987012988,
          0.012987012987012988,
          0.012987012987012988,
          0.012987012987012988,
          0.012987012987012988,
          0.012987012987012988,
          0.012987012987012988,
          0.012987012987012988,
          0.012987012987012988,
          0.012987012987012988,
          0.012987012987012988,
          0.012987012987012988,
          0.012987012987012988,
          0.012987012987012988,
          0.012987012987012988,
          0.012987012987012988,
          0.012987012987012988,
          0.012987012987012988,
          0.012987012987012988,
          0.012987012987012988,
          0.012987012987012988,
          0.012987012987012988,
          0.012987012987012988,
          0.012987012987012988,
          0.012987012987012988,
          0.012987012987012988,
          0.012987012987012988,
          0.012987012987012988,
          0.012987012987012988,
          0.012987012987012988,
          0.012987012987012988,
          0.012987012987012988,
          0.012987012987012988,
          0.012987012987012988,
          0.012987012987012988,
          0.012987012987012988,
          0.012987012987012988,
          0.012987012987012988,
          0.012987012987012988,
          0.012987012987012988,
          0.012987012987012988,
          0.012987012987012988,
          0.012987012987012988,
          0.012987012987012988,
          0.012987012987012988,
          0.012987012987012988,
          0.012987012987012988,
          0.012987012987012988,
          0.012987012987012988,
          0.012987012987012988,
          0.012987012987012988,
          0.012987012987012988,
          0.012987012987012988,
          0.012987012987012988,
          0.012987012987012988,
          0.012987012987012988
        ],
        "input_dim": 77,
        "output_dim": 1
      },
      {
        "estimator": "lr",