{
  "ensemble_state": {
    "weights": [
      0.09054679571670832,
      0.0648184235208434,
      0.0,
      0.0012802861228367233,
      0.392134255170765,
      0.311112455093009,
      0.013843210766430976,
      0.12626457360940654
    ],
    "model_names": [
      "catboost",
      "knn",
      "lgbm",
      "lr",
      "meta_lr",
      "rf",
      "svc",
      "xgb"
    ],
    "model_state_dicts": [
      {
        "estimator": "gbm",
        "n_estimators": 10,
        "learning_rate": 0.1,
        "max_depth": 3,
        "feature_importances": [
          0.012987012987012988,
          0.012987012987012988,
          0.012987012987012988,
          0.012987012987012988,
          0.012987012987012988,
          0.012987012987012988,
          0.012987012987012988,
          0.012987012987012988,
          0.012987012987012988,
          0.012987012987012988,
          0.012987012987012988,
          0.012987012987012988,
          0.012987012987012988,
          0.012987012987012988,
          0.012987012987012988,
          0.012987012987012988,
          0.012987012987012988,
          0.012987012987012988,
          0.012987012987012988,
          0.012987012987012988,
          0.012987012987012988,
          0.012987012987012988,
          0.012987012987012988,
          0.012987012987012988,
          0.012987012987012988,
          0.012987012987012988,
          0.012987012987012988,
          0.012987012987012988,
          0.012987012987012988,
          0.012987012987012988,
          0.012987012987012988,
          0.012987012987012988,
          0.012987012987012988,
          0.012987012987012988,
          0.012987012987012988,
          0.012987012987012988,
          0.012987012987012988,
          0.012987012987012988,
          0.012987012987012988,
          0.012987012987012988,
          0.012987012987012988,
          0.012987012987012988,
          0.012987012987012988,
          0.012987012987012988,
          0.012987012987012988,
          0.012987012987012988,
          0.012987012987012988,
          0.012987012987012988,
          0.012987012987012988,
          0.012987012987012988,
          0.012987012987012988,
          0.012987012987012988,
          0.012987012987012988,
          0.012987012987012988,
          0.012987012987012988,
          0.012987012987012988,
          0.012987012987012988,
          0.012987012987012988,
          0.012987012987012988,
          0.012987012987012988,
          0.012987012987012988,
          0.012987012987012988,
          0.012987012987012988,
          0.012987012987012988,
          0.012987012987012988,
          0.012987012987012988,
          0.012987012987012988,
          0.012987012987012988,
          0.012987012987012988,
          0.012987012987012988,
          0.012987012987012988,
          0.012987012987012988,
          0.012987012987012988,
          0.012987012987012988,
          0.012987012987012988,
          0.012987012987012988,
          0.012987012987012988
        ],
        "input_dim": 77,
        "output_dim": 1
      },
      {
        "estimator": "lr",
        "coef": [
          [
            0.0,
            0.0,
            0.0,
            0.0,
            0.0,
            0.0,
            0.0,
            0.0,
            0.0,
            0.0,
            0.0,
            0.0,
            0.0,
            0.0,
            0.0,
            0.0,
            0.0,
            0.0,
            0.0,
            0.0,
            0.0,
            0.0,
            0.0,
            0.0,
            0.0,
            0.0,
            0.0,
            0.0,
            0.0,
            0.0,
            0.0,
            0.0,
            0.0,
            0.0,
            0.0,
            0.0,
            0.0,
            0.0,
            0.0,
            0.0,
            0.0,
            0.0,
            0.0,
            0.0,
            0.0,
            0.0,
            0.0,
            0.0,
            0.0,
            0.0,
            0.0,
            0.0,
            0.0,
            0.0,
            0.0,
            0.0,
            0.0,
            0.0,
            0.0,
            0.0,
            0.0,
            0.0,
            0.0,
            0.0,
            0.0,
            0.0,
            0.0,
            0.0,
            0.0,
            0.0,
            0.0,
            0.0,
            0.0,
            0.0,
            0.0,
            0.0,
            0.0
          ]
        ],
        "intercept": [
          0.0
        ],
        "input_dim": 77,
        "output_dim": 1
      },
      {
        "estimator": "gbm",
        "n_estimators": 100,
        "learning_rate": 0.05,
        "max_depth": 8,
        "feature_importances": [
          0.012987012987012988,
          0.012987012987012988,
          0.012987012987012988,
          0.012987012987012988,
          0.012987012987012988,
          0.012987012987012988,
          0.012987012987012988,
          0.012987012987012988,
          0.012987012987012988,
          0.012987012987012988,
          0.012987012987012988,
          0.012987012987012988,
          0.012987012987012988,
          0.012987012987012988,
          0.012987012987012988,
          0.012987012987012988,
          0.012987012987012988,
          0.012987012987012988,
          0.012987012987012988,
          0.012987012987012988,
          0.012987012987012988,
          0.012987012987012988,
          0.012987012987012988,
          0.012987012987012988,
          0.012987012987012988,
          0.012987012987012988,
          0.012987012987012988,
          0.012987012987012988,
          0.012987012987012988,
          0.012987012987012988,
          0.012987012987012988,
          0.012987012987012988,
          0.012987012987012988,
          0.012987012987012988,
          0.012987012987012988,
          0.012987012987012988,
          0.012987012987012988,
          0.012987012987012988,
          0.012987012987012988,
          0.012987012987012988,
          0.012987012987012988,
          0.012987012987012988,
          0.012987012987012988,
          0.012987012987012988,
          0.012987012987012988,
          0.012987012987012988,
          0.012987012987012988,
          0.012987012987012988,
          0.012987012987012988,
          0.012987012987012988,
          0.012987012987012988,
          0.012987012987012988,
          0.012987012987012988,
          0.012987012987012988,
          0.012987012987012988,
          0.012987012987012988,
          0.012987012987012988,
          0.012987012987012988,
          0.012987012987012988,
          0.012987012987012988,
          0.012987012987012988,
          0.012987012987012988,
          0.012987012987012988,
          0.012987012987012988,
          0.012987012987012988,
          0.012987012987012988,
          0.012987012987012988,
          0.012987012987012988,
          0.012987012987012988,
          0.012987012987012988,
          0.012987012987012988,
          0.012987012987012988,
          0.012987012987012988,
          0.012987012987012988,
          0.012987012987012988,
          0.012987012987012988,
          0.012987012987012988
        ],
        "input_dim": 77,
        "output_dim": 1
      },
      {
        "estimator": "lr",