{
  "round": 3,
  "eval_loss": 7.345144550005594,
  "eval_metrics": {
    "ensemble_size": 4.0,
    "accuracy": 16.666666666666664,
    "loss": 7.345144311587015,
    "num_clients": 3,
    "total_clients": 3,
    "authorized_clients": 3,
    "unauthorized_clients": 0,
    "avg_accuracy": 16.666666666666668
  },
  "num_clients": 3,
  "timestamp": "2025-04-27T05:18:01.256009+00:00"
}