{
  "round": 2,
  "eval_loss": 7.445017496744791,
  "eval_metrics": {
    "ensemble_size": 4.0,
    "accuracy": 16.666666666666668,
    "loss": 7.445017496744792,
    "num_clients": 3,
    "total_clients": 3,
    "authorized_clients": 3,
    "unauthorized_clients": 0,
    "avg_accuracy": 16.666666666666668
  },
  "num_clients": 3,
  "timestamp": "2025-04-27T05:17:58.594402+00:00"
}