{
  "round": 2,
  "eval_loss": 12.694785118103027,
  "eval_metrics": {
    "ensemble_size": 4.0,
    "accuracy": 6.666666666666666,
    "loss": 12.694785316785175,
    "num_clients": 3,
    "total_clients": 3,
    "authorized_clients": 3,
    "unauthorized_clients": 0,
    "avg_accuracy": 6.666666666666667
  },
  "num_clients": 3,
  "timestamp": "2025-04-27T05:38:10.694337+00:00"
}