{
  "round": 2,
  "eval_loss": 0.2261670082807541,
  "eval_metrics": {
    "ensemble_size": 4.0,
    "accuracy": 65.15151515151516,
    "loss": 0.2261670051199017,
    "num_clients": 1,
    "num_trusted_clients": 1,
    "total_clients": 1,
    "authorized_clients": 1,
    "unauthorized_clients": 0,
    "avg_accuracy": 65.15151515151516
  },
  "num_clients": 1,
  "timestamp": "2025-05-11T09:53:27.299664+00:00"
}