{
  "round": 1,
  "eval_loss": 0.08393005281686783,
  "eval_metrics": {
    "ensemble_size": 8.0,
    "accuracy": 99.755,
    "loss": 0.08393005428910255,
    "num_clients": 2,
    "total_clients": 2,
    "authorized_clients": 2,
    "unauthorized_clients": 0,
    "avg_accuracy": 99.755
  },
  "num_clients": 2,
  "timestamp": "2025-05-13T17:22:03.093932+00:00"
}