{
  "round": 2,
  "eval_loss": 0.003727459581568837,
  "eval_metrics": {
    "ensemble_size": 8.0,
    "accuracy": 99.785,
    "loss": 0.00372745964769274,
    "num_clients": 2,
    "total_clients": 2,
    "authorized_clients": 2,
    "unauthorized_clients": 0,
    "avg_accuracy": 99.785
  },
  "num_clients": 2,
  "timestamp": "2025-05-13T17:23:11.215719+00:00"
}