{
  "round": 4,
  "metrics": {
    "num_ensembles": 1,
    "num_models": 5,
    "model_names": "DeepMLP,Linear,LinearRegression,SVC,WideMLP",
    "ensemble_weights": [
      0.02920013925077043,
      0.7841794057404835,
      0.0,
      0.0,
      0.18662045500874608
    ],
    "total_clients": 1,
    "authorized_clients": 1,
    "unauthorized_clients": 0
  },
  "num_clients": 1,
  "timestamp": "2025-04-21T16:53:53.661241+00:00"
}