{
  "round": 3,
  "eval_loss": 0.2540172338485718,
  "eval_metrics": {
    "ensemble_size": 4.0,
    "accuracy": 67.42424242424244,
    "loss": 0.25401723620510014,
    "num_clients": 2,
    "total_clients": 2,
    "authorized_clients": 2,
    "unauthorized_clients": 0,
    "avg_accuracy": 67.42424242424244
  },
  "num_clients": 2,
  "timestamp": "2025-05-01T14:33:08.930269+00:00"
}