{
  "round": 1,
  "eval_loss": 0.06269482150673866,
  "eval_metrics": {
    "ensemble_size": 8.0,
    "accuracy": 99.655,
    "loss": 0.06269482174571603,
    "num_clients": 2,
    "total_clients": 2,
    "authorized_clients": 2,
    "unauthorized_clients": 0,
    "avg_accuracy": 99.655
  },
  "num_clients": 2,
  "timestamp": "2025-05-13T15:37:25.083040+00:00"
}