{
  "round": 2,
  "eval_loss": 0.09057315438985825,
  "eval_metrics": {
    "ensemble_size": 8.0,
    "accuracy": 99.72,
    "loss": 0.0905731559574604,
    "num_clients": 2,
    "total_clients": 2,
    "authorized_clients": 2,
    "unauthorized_clients": 0,
    "avg_accuracy": 99.72
  },
  "num_clients": 2,
  "timestamp": "2025-05-13T15:38:24.044517+00:00"
}