{
  "round": 2,
  "eval_loss": 0.4764675348997116,
  "eval_metrics": {
    "ensemble_size": 4.0,
    "accuracy": 53.03030303030303,
    "loss": 0.47646752632025513,
    "num_clients": 2,
    "total_clients": 2,
    "authorized_clients": 2,
    "unauthorized_clients": 0,
    "avg_accuracy": 53.03030303030303
  },
  "num_clients": 2,
  "timestamp": "2025-05-07T14:35:13.048834+00:00"
}