{
  "round": 1,
  "eval_loss": 0.4545271098613739,
  "eval_metrics": {
    "ensemble_size": 4.0,
    "accuracy": 51.515151515151516,
    "loss": 0.45452711889238073,
    "num_clients": 2,
    "total_clients": 2,
    "authorized_clients": 2,
    "unauthorized_clients": 0,
    "avg_accuracy": 51.515151515151516
  },
  "num_clients": 2,
  "timestamp": "2025-05-07T14:26:38.480946+00:00"
}