{
  "round": 2,
  "eval_loss": 0.4250497967004776,
  "eval_metrics": {
    "ensemble_size": 4.0,
    "accuracy": 53.78787878787879,
    "loss": 0.42504978496016876,
    "num_clients": 2,
    "total_clients": 2,
    "authorized_clients": 2,
    "unauthorized_clients": 0,
    "avg_accuracy": 53.78787878787879
  },
  "num_clients": 2,
  "timestamp": "2025-05-03T17:23:01.121087+00:00"
}