{
  "round": 3,
  "eval_loss": 0.4185023009777069,
  "eval_metrics": {
    "ensemble_size": 4.0,
    "accuracy": 59.84848484848485,
    "loss": 0.41850229691375385,
    "num_clients": 2,
    "total_clients": 2,
    "authorized_clients": 2,
    "unauthorized_clients": 0,
    "avg_accuracy": 59.84848484848485
  },
  "num_clients": 2,
  "timestamp": "2025-05-03T17:23:05.020597+00:00"
}