{
  "round": 1,
  "eval_loss": 0.4233787953853607,
  "eval_metrics": {
    "ensemble_size": 4.0,
    "accuracy": 58.333333333333336,
    "loss": 0.42337879357915936,
    "num_clients": 2,
    "total_clients": 2,
    "authorized_clients": 2,
    "unauthorized_clients": 0,
    "avg_accuracy": 58.333333333333336
  },
  "num_clients": 2,
  "timestamp": "2025-05-03T17:22:56.535998+00:00"
}