{
  "round": 3,
  "eval_loss": 0.25955457985401154,
  "eval_metrics": {
    "ensemble_size": 4.0,
    "accuracy": 66.66666666666667,
    "loss": 0.25955458091233263,
    "num_clients": 2,
    "total_clients": 2,
    "authorized_clients": 2,
    "unauthorized_clients": 0,
    "avg_accuracy": 66.66666666666667
  },
  "num_clients": 2,
  "timestamp": "2025-05-02T07:57:21.899848+00:00"
}