{
  "round": 1,
  "eval_loss": 0.4349289536476135,
  "eval_metrics": {
    "ensemble_size": 4.0,
    "accuracy": 54.54545454545455,
    "loss": 0.43492895184141217,
    "num_clients": 2,
    "total_clients": 2,
    "authorized_clients": 2,
    "unauthorized_clients": 0,
    "avg_accuracy": 54.54545454545455
  },
  "num_clients": 2,
  "timestamp": "2025-05-04T13:37:36.031206+00:00"
}