{
  "round": 2,
  "eval_loss": 0.4674803763628006,
  "eval_metrics": {
    "ensemble_size": 4.0,
    "accuracy": 51.515151515151516,
    "loss": 0.46748037455659924,
    "num_clients": 2,
    "total_clients": 2,
    "authorized_clients": 2,
    "unauthorized_clients": 0,
    "avg_accuracy": 51.515151515151516
  },
  "num_clients": 2,
  "timestamp": "2025-05-04T13:37:45.244478+00:00"
}