{
  "round": 2,
  "eval_loss": 0.45554019510746,
  "eval_metrics": {
    "ensemble_size": 4.0,
    "accuracy": 55.303030303030305,
    "loss": 0.4555401892373056,
    "num_clients": 2,
    "total_clients": 2,
    "authorized_clients": 2,
    "unauthorized_clients": 0,
    "avg_accuracy": 55.303030303030305
  },
  "num_clients": 2,
  "timestamp": "2025-05-04T07:26:31.786071+00:00"
}