{
  "round": 1,
  "eval_loss": 0.4904954433441162,
  "eval_metrics": {
    "ensemble_size": 4.0,
    "accuracy": 48.484848484848484,
    "loss": 0.4904954388286128,
    "num_clients": 2,
    "total_clients": 2,
    "authorized_clients": 2,
    "unauthorized_clients": 0,
    "avg_accuracy": 48.484848484848484
  },
  "num_clients": 2,
  "timestamp": "2025-05-04T07:26:22.895411+00:00"
}