{
  "round": 1,
  "eval_loss": 0.2631481885910034,
  "eval_metrics": {
    "ensemble_size": 4.0,
    "accuracy": 65.15151515151516,
    "loss": 0.26314819247151416,
    "num_clients": 2,
    "total_clients": 2,
    "authorized_clients": 2,
    "unauthorized_clients": 0,
    "avg_accuracy": 65.15151515151516
  },
  "num_clients": 2,
  "timestamp": "2025-05-02T07:16:10.482947+00:00"
}