{
  "round": 3,
  "eval_loss": 0.0020839464850723743,
  "eval_metrics": {
    "ensemble_size": 8.0,
    "accuracy": 99.97,
    "loss": 0.0020839463701471687,
    "num_clients": 1,
    "total_clients": 1,
    "authorized_clients": 1,
    "unauthorized_clients": 0,
    "avg_accuracy": 99.97
  },
  "num_clients": 1,
  "timestamp": "2025-05-12T13:04:26.227411+00:00"
}