{
  "round": 3,
  "eval_loss": 0.25238293409347534,
  "eval_metrics": {
    "ensemble_size": 3.0,
    "accuracy": 34.84848484848485,
    "loss": 0.2523829196438645,
    "num_clients": 1,
    "num_trusted_clients": 1,
    "total_clients": 1,
    "authorized_clients": 1,
    "unauthorized_clients": 0,
    "avg_accuracy": 34.84848484848485
  },
  "num_clients": 1,
  "timestamp": "2025-05-11T09:47:03.288073+00:00"
}