{
  "round": 2,
  "eval_loss": 0.4224533885717392,
  "eval_metrics": {
    "ensemble_size": 4.0,
    "accuracy": 58.333333333333336,
    "loss": 0.42245338541088684,
    "num_clients": 2,
    "total_clients": 2,
    "authorized_clients": 2,
    "unauthorized_clients": 0,
    "avg_accuracy": 58.333333333333336
  },
  "num_clients": 2,
  "timestamp": "2025-05-04T14:11:56.001531+00:00"
}