{
  "round": 3,
  "metrics": {
    "num_ensembles": 1,
    "num_models": 5,
    "model_names": "DeepMLP,GatedMLP,Linear,ResNetMLP,WideMLP",
    "ensemble_weights": [
      0.0,
      0.6359076223750318,
      0.09720905246688992,
      0.0,
      0.2668833251580783
    ],
    "total_clients": 1,
    "authorized_clients": 1,
    "unauthorized_clients": 0
  },
  "num_clients": 1,
  "timestamp": "2025-04-20T08:47:35.421583+00:00"
}