{
  "round": 5,
  "metrics": {
    "num_ensembles": 1,
    "num_models": 5,
    "model_names": "DeepMLP,GatedMLP,Linear,ResNetMLP,WideMLP",
    "ensemble_weights": [
      0.0,
      0.2883576486830012,
      0.6621569352659333,
      0.0028882970683900434,
      0.04659711898267548
    ],
    "total_clients": 1,
    "authorized_clients": 1,
    "unauthorized_clients": 0
  },
  "num_clients": 1,
  "timestamp": "2025-04-20T08:47:37.338559+00:00"
}