{
  "round": 1,
  "eval_loss": 0.03180278092622757,
  "eval_metrics": {
    "ensemble_size": 8.0,
    "accuracy": 99.6,
    "loss": 0.031802781170606614,
    "num_clients": 1,
    "total_clients": 1,
    "authorized_clients": 1,
    "unauthorized_clients": 0,
    "avg_accuracy": 99.6
  },
  "num_clients": 1,
  "timestamp": "2025-05-12T12:12:29.267374+00:00"
}