{
  "round": 1,
  "eval_loss": 0.003998524975031614,
  "eval_metrics": {
    "ensemble_size": 8.0,
    "accuracy": 99.6,
    "loss": 0.003998524953485748,
    "num_clients": 1,
    "total_clients": 1,
    "authorized_clients": 1,
    "unauthorized_clients": 0,
    "avg_accuracy": 99.6
  },
  "num_clients": 1,
  "timestamp": "2025-05-11T15:33:26.766998+00:00"
}