{
  "round": 2,
  "eval_loss": 0.003990984056144953,
  "eval_metrics": {
    "ensemble_size": 8.0,
    "accuracy": 99.6,
    "loss": 0.003990984129959907,
    "num_clients": 1,
    "total_clients": 1,
    "authorized_clients": 1,
    "unauthorized_clients": 0,
    "avg_accuracy": 99.6
  },
  "num_clients": 1,
  "timestamp": "2025-05-11T15:34:14.152566+00:00"
}