{
  "round": 1,
  "metrics": {
    "num_ensembles": 1,
    "num_models": 5,
    "model_names": "DeepMLP,GatedMLP,Linear,ResNetMLP,WideMLP",
    "ensemble_weights": [
      0.0,
      0.0,
      0.11437989139255192,
      0.05443738440567093,
      0.8311827242017772
    ],
    "total_clients": 1,
    "authorized_clients": 1,
    "unauthorized_clients": 0
  },
  "num_clients": 1,
  "timestamp": "2025-04-21T12:48:07.631487+00:00"
}