{
  "round": 1,
  "eval_loss": 0.43151381611824036,
  "eval_metrics": {
    "ensemble_size": 4.0,
    "accuracy": 58.333333333333336,
    "loss": 0.431513812957388,
    "num_clients": 2,
    "total_clients": 2,
    "authorized_clients": 2,
    "unauthorized_clients": 0,
    "avg_accuracy": 58.333333333333336
  },
  "num_clients": 2,
  "timestamp": "2025-05-07T15:26:08.329757+00:00"
}