{
  "round": 3,
  "eval_loss": 0.468242347240448,
  "eval_metrics": {
    "ensemble_size": 4.0,
    "accuracy": 52.27272727272727,
    "loss": 0.4682423537879279,
    "num_clients": 2,
    "total_clients": 2,
    "authorized_clients": 2,
    "unauthorized_clients": 0,
    "avg_accuracy": 52.27272727272727
  },
  "num_clients": 2,
  "timestamp": "2025-05-07T15:26:14.593208+00:00"
}