{
  "round": 3,
  "eval_loss": 0.49270692467689514,
  "eval_metrics": {
    "ensemble_size": 4.0,
    "accuracy": 50.75757575757576,
    "loss": 0.4927069226449186,
    "num_clients": 2,
    "total_clients": 2,
    "authorized_clients": 2,
    "unauthorized_clients": 0,
    "avg_accuracy": 50.75757575757576
  },
  "num_clients": 2,
  "timestamp": "2025-05-03T17:33:52.952408+00:00"
}