{
  "round": 1,
  "eval_loss": 0.4412586987018585,
  "eval_metrics": {
    "ensemble_size": 4.0,
    "accuracy": 56.81818181818182,
    "loss": 0.4412587054751136,
    "num_clients": 2,
    "total_clients": 2,
    "authorized_clients": 2,
    "unauthorized_clients": 0,
    "avg_accuracy": 56.81818181818182
  },
  "num_clients": 2,
  "timestamp": "2025-05-03T17:33:47.221054+00:00"
}