{
  "round": 2,
  "eval_loss": 0.262275367975235,
  "eval_metrics": {
    "ensemble_size": 4.0,
    "accuracy": 65.15151515151516,
    "loss": 0.2622753544287248,
    "num_clients": 1,
    "total_clients": 1,
    "authorized_clients": 1,
    "unauthorized_clients": 0,
    "avg_accuracy": 65.15151515151516
  },
  "num_clients": 1,
  "timestamp": "2025-05-11T10:41:08.774123+00:00"
}