{
  "round": 3,
  "eval_loss": 0.009108658647164702,
  "eval_metrics": {
    "ensemble_size": 8.0,
    "accuracy": 99.75,
    "loss": 0.009108658786187879,
    "num_clients": 2,
    "total_clients": 2,
    "authorized_clients": 2,
    "unauthorized_clients": 0,
    "avg_accuracy": 99.75
  },
  "num_clients": 2,
  "timestamp": "2025-05-13T18:08:48.474738+00:00"
}