{
  "round": 1,
  "eval_loss": 12.252192815144856,
  "eval_metrics": {
    "ensemble_size": 4.0,
    "accuracy": 16.666666666666664,
    "loss": 12.252192815144856,
    "num_clients": 3,
    "total_clients": 3,
    "authorized_clients": 3,
    "unauthorized_clients": 0,
    "avg_accuracy": 16.666666666666668
  },
  "num_clients": 3,
  "timestamp": "2025-04-27T06:14:17.275966+00:00"
}