{
  "round": 2,
  "eval_loss": 12.295790036519367,
  "eval_metrics": {
    "ensemble_size": 4.0,
    "accuracy": 18.333333333333332,
    "loss": 12.295790115992228,
    "num_clients": 3,
    "total_clients": 3,
    "authorized_clients": 3,
    "unauthorized_clients": 0,
    "avg_accuracy": 18.333333333333332
  },
  "num_clients": 3,
  "timestamp": "2025-04-27T06:14:19.032591+00:00"
}