{
  "round": 3,
  "eval_loss": 12.313365300496418,
  "eval_metrics": {
    "ensemble_size": 4.0,
    "accuracy": 18.333333333333332,
    "loss": 12.313365300496418,
    "num_clients": 3,
    "total_clients": 3,
    "authorized_clients": 3,
    "unauthorized_clients": 0,
    "avg_accuracy": 18.333333333333332
  },
  "num_clients": 3,
  "timestamp": "2025-04-27T06:14:20.963353+00:00"
}