{
  "round": 1,
  "eval_loss": 0.4296621233224869,
  "eval_metrics": {
    "ensemble_size": 4.0,
    "accuracy": 57.57575757575758,
    "loss": 0.4296621183554331,
    "num_clients": 2,
    "total_clients": 2,
    "authorized_clients": 2,
    "unauthorized_clients": 0,
    "avg_accuracy": 57.57575757575758
  },
  "num_clients": 2,
  "timestamp": "2025-05-07T15:22:59.800674+00:00"
}