{
  "round": 2,
  "eval_loss": 12.921711921691895,
  "eval_metrics": {
    "ensemble_size": 4.0,
    "accuracy": 10.0,
    "loss": 12.921711921691895,
    "num_clients": 1,
    "total_clients": 1,
    "authorized_clients": 1,
    "unauthorized_clients": 0,
    "avg_accuracy": 10.0
  },
  "num_clients": 1,
  "timestamp": "2025-04-23T15:39:06.130629+00:00"
}